scenario_id,category,moderate_crossing,severe_crossing,mechanism_labels_moderate,primary_mechanism_moderate,mechanism_labels_severe,primary_mechanism_severe,elements,event_specification
FST-MB-01,Tier-1 supplier failure,True,False,Concentrated dependency,Concentrated dependency,Unclassified,Unclassified,S1A,"[{""target"":""S1A"",""magnitude"":0.5,""start_week"":12,""duration_weeks"":4,""recovery_weeks"":3}]"
FST-MB-02,Tier-1 supplier failure,True,False,Concentrated dependency,Concentrated dependency,Unclassified,Unclassified,S1A,"[{""target"":""S1A"",""magnitude"":0.7,""start_week"":12,""duration_weeks"":4,""recovery_weeks"":3}]"
FST-MB-03,Tier-1 supplier failure,True,False,Concentrated dependency,Concentrated dependency,Unclassified,Unclassified,S1B,"[{""target"":""S1B"",""magnitude"":0.5,""start_week"":12,""duration_weeks"":4,""recovery_weeks"":3}]"
FST-MB-04,Tier-1 supplier failure,True,False,Concentrated dependency,Concentrated dependency,Unclassified,Unclassified,S1B,"[{""target"":""S1B"",""magnitude"":0.7,""start_week"":12,""duration_weeks"":4,""recovery_weeks"":3}]"
FST-MB-05,Tier-1 supplier failure,True,False,Concentrated dependency,Concentrated dependency,Unclassified,Unclassified,S1C,"[{""target"":""S1C"",""magnitude"":0.5,""start_week"":12,""duration_weeks"":4,""recovery_weeks"":3}]"
FST-MB-06,Tier-1 supplier failure,True,False,Concentrated dependency,Concentrated dependency,Unclassified,Unclassified,S1C,"[{""target"":""S1C"",""magnitude"":0.7,""start_week"":12,""duration_weeks"":4,""recovery_weeks"":3}]"
FST-MB-07,Shared-processor failure,False,False,Unclassified,Unclassified,Unclassified,Unclassified,T2P,"[{""target"":""T2P"",""magnitude"":0.2,""start_week"":12,""duration_weeks"":3,""recovery_weeks"":3}]"
FST-MB-08,Shared-processor failure,False,False,Unclassified,Unclassified,Unclassified,Unclassified,T2P,"[{""target"":""T2P"",""magnitude"":0.2,""start_week"":12,""duration_weeks"":6,""recovery_weeks"":3}]"
FST-MB-09,Shared-processor failure,True,False,Concentrated dependency; Hidden convergent dependency; Propagation-amplified cascade,Hidden convergent dependency,Unclassified,Unclassified,T2P,"[{""target"":""T2P"",""magnitude"":0.35,""start_week"":12,""duration_weeks"":3,""recovery_weeks"":3}]"
FST-MB-10,Shared-processor failure,True,True,Concentrated dependency; Hidden convergent dependency; Propagation-amplified cascade,Hidden convergent dependency,Concentrated dependency; Hidden convergent dependency; Propagation-amplified cascade,Hidden convergent dependency,T2P,"[{""target"":""T2P"",""magnitude"":0.35,""start_week"":12,""duration_weeks"":6,""recovery_weeks"":3}]"
FST-MB-11,Shared-processor failure,True,True,Concentrated dependency; Hidden convergent dependency; Propagation-amplified cascade,Hidden convergent dependency,Concentrated dependency; Hidden convergent dependency; Propagation-amplified cascade,Hidden convergent dependency,T2P,"[{""target"":""T2P"",""magnitude"":0.5,""start_week"":12,""duration_weeks"":3,""recovery_weeks"":3}]"
FST-MB-12,Shared-processor failure,True,True,Concentrated dependency; Hidden convergent dependency; Propagation-amplified cascade,Hidden convergent dependency,Concentrated dependency; Hidden convergent dependency; Propagation-amplified cascade,Hidden convergent dependency,T2P,"[{""target"":""T2P"",""magnitude"":0.5,""start_week"":12,""duration_weeks"":6,""recovery_weeks"":3}]"
FST-MB-13,Shared-processor failure,True,True,Concentrated dependency; Hidden convergent dependency; Propagation-amplified cascade,Hidden convergent dependency,Concentrated dependency; Hidden convergent dependency; Propagation-amplified cascade,Hidden convergent dependency,T2P,"[{""target"":""T2P"",""magnitude"":0.65,""start_week"":12,""duration_weeks"":3,""recovery_weeks"":3}]"
FST-MB-14,Shared-processor failure,True,True,Concentrated dependency; Hidden convergent dependency; Propagation-amplified cascade,Hidden convergent dependency,Concentrated dependency; Hidden convergent dependency; Propagation-amplified cascade,Hidden convergent dependency,T2P,"[{""target"":""T2P"",""magnitude"":0.65,""start_week"":12,""duration_weeks"":6,""recovery_weeks"":3}]"
FST-MB-15,Shared-processor failure,True,True,Concentrated dependency; Hidden convergent dependency; Propagation-amplified cascade,Hidden convergent dependency,Concentrated dependency; Hidden convergent dependency; Propagation-amplified cascade,Hidden convergent dependency,T2P,"[{""target"":""T2P"",""magnitude"":0.8,""start_week"":12,""duration_weeks"":3,""recovery_weeks"":3}]"
FST-MB-16,Shared-processor failure,True,True,Concentrated dependency; Hidden convergent dependency; Propagation-amplified cascade,Hidden convergent dependency,Concentrated dependency; Hidden convergent dependency; Propagation-amplified cascade,Hidden convergent dependency,T2P,"[{""target"":""T2P"",""magnitude"":0.8,""start_week"":12,""duration_weeks"":6,""recovery_weeks"":3}]"
FST-MB-17,Corridor failure,False,False,Unclassified,Unclassified,Unclassified,Unclassified,corridor,"[{""target"":""corridor"",""magnitude"":0.3,""start_week"":12,""duration_weeks"":2,""recovery_weeks"":3}]"
FST-MB-18,Corridor failure,False,False,Unclassified,Unclassified,Unclassified,Unclassified,corridor,"[{""target"":""corridor"",""magnitude"":0.3,""start_week"":12,""duration_weeks"":4,""recovery_weeks"":3}]"
FST-MB-19,Corridor failure,True,True,Concentrated dependency,Concentrated dependency,Concentrated dependency,Concentrated dependency,corridor,"[{""target"":""corridor"",""magnitude"":0.5,""start_week"":12,""duration_weeks"":2,""recovery_weeks"":3}]"
FST-MB-20,Corridor failure,True,True,Concentrated dependency,Concentrated dependency,Concentrated dependency,Concentrated dependency,corridor,"[{""target"":""corridor"",""magnitude"":0.5,""start_week"":12,""duration_weeks"":4,""recovery_weeks"":3}]"
FST-MB-21,Corridor failure,True,True,Concentrated dependency,Concentrated dependency,Concentrated dependency,Concentrated dependency,corridor,"[{""target"":""corridor"",""magnitude"":0.7,""start_week"":12,""duration_weeks"":2,""recovery_weeks"":3}]"
FST-MB-22,Corridor failure,True,True,Concentrated dependency,Concentrated dependency,Concentrated dependency,Concentrated dependency,corridor,"[{""target"":""corridor"",""magnitude"":0.7,""start_week"":12,""duration_weeks"":4,""recovery_weeks"":3}]"
FST-MB-23,Simultaneous T2P-corridor,True,False,Concentrated dependency; Hidden convergent dependency; Propagation-amplified cascade,Hidden convergent dependency,Unclassified,Unclassified,T2P; corridor,"[{""target"":""T2P"",""magnitude"":0.3,""start_week"":12,""duration_weeks"":4,""recovery_weeks"":3},{""target"":""corridor"",""magnitude"":0.3,""start_week"":12,""duration_weeks"":4,""recovery_weeks"":3}]"
FST-MB-24,Simultaneous T2P-corridor,True,True,Concentrated dependency; Propagation-amplified cascade,Propagation-amplified cascade,Concentrated dependency; Propagation-amplified cascade,Propagation-amplified cascade,T2P; corridor,"[{""target"":""T2P"",""magnitude"":0.3,""start_week"":12,""duration_weeks"":4,""recovery_weeks"":3},{""target"":""corridor"",""magnitude"":0.6,""start_week"":12,""duration_weeks"":4,""recovery_weeks"":3}]"
FST-MB-25,Simultaneous T2P-corridor,True,True,Concentrated dependency; Hidden convergent dependency; Propagation-amplified cascade,Hidden convergent dependency,Concentrated dependency; Hidden convergent dependency; Propagation-amplified cascade,Hidden convergent dependency,T2P; corridor,"[{""target"":""T2P"",""magnitude"":0.5,""start_week"":12,""duration_weeks"":4,""recovery_weeks"":3},{""target"":""corridor"",""magnitude"":0.3,""start_week"":12,""duration_weeks"":4,""recovery_weeks"":3}]"
FST-MB-26,Simultaneous T2P-corridor,True,True,Concentrated dependency; Propagation-amplified cascade,Propagation-amplified cascade,Concentrated dependency; Propagation-amplified cascade,Propagation-amplified cascade,T2P; corridor,"[{""target"":""T2P"",""magnitude"":0.5,""start_week"":12,""duration_weeks"":4,""recovery_weeks"":3},{""target"":""corridor"",""magnitude"":0.6,""start_week"":12,""duration_weeks"":4,""recovery_weeks"":3}]"
FST-MB-27,Simultaneous T2P-corridor,True,True,Concentrated dependency; Hidden convergent dependency; Propagation-amplified cascade,Hidden convergent dependency,Concentrated dependency; Hidden convergent dependency; Propagation-amplified cascade,Hidden convergent dependency,T2P; corridor,"[{""target"":""T2P"",""magnitude"":0.7,""start_week"":12,""duration_weeks"":4,""recovery_weeks"":3},{""target"":""corridor"",""magnitude"":0.3,""start_week"":12,""duration_weeks"":4,""recovery_weeks"":3}]"
FST-MB-28,Simultaneous T2P-corridor,True,True,Concentrated dependency; Propagation-amplified cascade,Propagation-amplified cascade,Concentrated dependency; Propagation-amplified cascade,Propagation-amplified cascade,T2P; corridor,"[{""target"":""T2P"",""magnitude"":0.7,""start_week"":12,""duration_weeks"":4,""recovery_weeks"":3},{""target"":""corridor"",""magnitude"":0.6,""start_week"":12,""duration_weeks"":4,""recovery_weeks"":3}]"
FST-MB-29,Simultaneous T2P-corridor,True,True,Concentrated dependency; Hidden convergent dependency; Propagation-amplified cascade,Hidden convergent dependency,Concentrated dependency; Hidden convergent dependency; Propagation-amplified cascade,Hidden convergent dependency,T2P; corridor,"[{""target"":""T2P"",""magnitude"":0.8,""start_week"":12,""duration_weeks"":4,""recovery_weeks"":3},{""target"":""corridor"",""magnitude"":0.3,""start_week"":12,""duration_weeks"":4,""recovery_weeks"":3}]"
FST-MB-30,Simultaneous T2P-corridor,True,True,Concentrated dependency; Propagation-amplified cascade,Propagation-amplified cascade,Concentrated dependency; Propagation-amplified cascade,Propagation-amplified cascade,T2P; corridor,"[{""target"":""T2P"",""magnitude"":0.8,""start_week"":12,""duration_weeks"":4,""recovery_weeks"":3},{""target"":""corridor"",""magnitude"":0.6,""start_week"":12,""duration_weeks"":4,""recovery_weeks"":3}]"
FST-MB-31,Simultaneous T2P-tier-1,True,False,Concentrated dependency; Propagation-amplified cascade,Propagation-amplified cascade,Unclassified,Unclassified,S1A; T2P,"[{""target"":""T2P"",""magnitude"":0.4,""start_week"":12,""duration_weeks"":4,""recovery_weeks"":3},{""target"":""S1A"",""magnitude"":0.5,""start_week"":12,""duration_weeks"":4,""recovery_weeks"":3}]"
FST-MB-32,Simultaneous T2P-tier-1,True,True,Concentrated dependency; Propagation-amplified cascade,Propagation-amplified cascade,Concentrated dependency; Hidden convergent dependency; Propagation-amplified cascade,Hidden convergent dependency,S1A; T2P,"[{""target"":""T2P"",""magnitude"":0.6,""start_week"":12,""duration_weeks"":4,""recovery_weeks"":3},{""target"":""S1A"",""magnitude"":0.5,""start_week"":12,""duration_weeks"":4,""recovery_weeks"":3}]"
FST-MB-33,Simultaneous T2P-tier-1,True,False,Concentrated dependency; Propagation-amplified cascade,Propagation-amplified cascade,Unclassified,Unclassified,S1B; T2P,"[{""target"":""T2P"",""magnitude"":0.4,""start_week"":12,""duration_weeks"":4,""recovery_weeks"":3},{""target"":""S1B"",""magnitude"":0.5,""start_week"":12,""duration_weeks"":4,""recovery_weeks"":3}]"
FST-MB-34,Simultaneous T2P-tier-1,True,True,Concentrated dependency; Propagation-amplified cascade,Propagation-amplified cascade,Concentrated dependency; Hidden convergent dependency; Propagation-amplified cascade,Hidden convergent dependency,S1B; T2P,"[{""target"":""T2P"",""magnitude"":0.6,""start_week"":12,""duration_weeks"":4,""recovery_weeks"":3},{""target"":""S1B"",""magnitude"":0.5,""start_week"":12,""duration_weeks"":4,""recovery_weeks"":3}]"
FST-MB-35,Simultaneous T2P-tier-1,True,False,Concentrated dependency; Propagation-amplified cascade,Propagation-amplified cascade,Unclassified,Unclassified,S1C; T2P,"[{""target"":""T2P"",""magnitude"":0.4,""start_week"":12,""duration_weeks"":4,""recovery_weeks"":3},{""target"":""S1C"",""magnitude"":0.5,""start_week"":12,""duration_weeks"":4,""recovery_weeks"":3}]"
FST-MB-36,Simultaneous T2P-tier-1,True,True,Concentrated dependency; Propagation-amplified cascade,Propagation-amplified cascade,Concentrated dependency; Hidden convergent dependency; Propagation-amplified cascade,Hidden convergent dependency,S1C; T2P,"[{""target"":""T2P"",""magnitude"":0.6,""start_week"":12,""duration_weeks"":4,""recovery_weeks"":3},{""target"":""S1C"",""magnitude"":0.5,""start_week"":12,""duration_weeks"":4,""recovery_weeks"":3}]"
FST-MB-37,Demand-T2P combination,True,True,Concentrated dependency; Hidden convergent dependency,Hidden convergent dependency,Concentrated dependency; Hidden convergent dependency,Hidden convergent dependency,T2P,"[{""target"":""T2P"",""magnitude"":0.4,""start_week"":12,""duration_weeks"":4,""recovery_weeks"":3},{""target"":""demand"",""magnitude"":0.2,""start_week"":12,""duration_weeks"":4,""recovery_weeks"":2}]"
FST-MB-38,Demand-T2P combination,True,True,Concentrated dependency,Concentrated dependency,Concentrated dependency; Hidden convergent dependency,Hidden convergent dependency,T2P,"[{""target"":""T2P"",""magnitude"":0.4,""start_week"":12,""duration_weeks"":4,""recovery_weeks"":3},{""target"":""demand"",""magnitude"":0.4,""start_week"":12,""duration_weeks"":4,""recovery_weeks"":2}]"
FST-MB-39,Demand-T2P combination,True,True,Concentrated dependency; Hidden convergent dependency,Hidden convergent dependency,Concentrated dependency; Hidden convergent dependency,Hidden convergent dependency,T2P,"[{""target"":""T2P"",""magnitude"":0.6,""start_week"":12,""duration_weeks"":4,""recovery_weeks"":3},{""target"":""demand"",""magnitude"":0.2,""start_week"":12,""duration_weeks"":4,""recovery_weeks"":2}]"
FST-MB-40,Demand-T2P combination,True,True,Concentrated dependency,Concentrated dependency,Concentrated dependency; Hidden convergent dependency,Hidden convergent dependency,T2P,"[{""target"":""T2P"",""magnitude"":0.6,""start_week"":12,""duration_weeks"":4,""recovery_weeks"":3},{""target"":""demand"",""magnitude"":0.4,""start_week"":12,""duration_weeks"":4,""recovery_weeks"":2}]"
FST-MB-41,Sequential T2P-corridor,True,True,Concentrated dependency; Propagation-amplified cascade,Propagation-amplified cascade,Concentrated dependency; Propagation-amplified cascade; Recovery lag and temporal overlap,Propagation-amplified cascade,T2P; corridor,"[{""target"":""T2P"",""magnitude"":0.3,""start_week"":12,""duration_weeks"":3,""recovery_weeks"":3},{""target"":""corridor"",""magnitude"":0.5,""start_week"":15,""duration_weeks"":2,""recovery_weeks"":3}]"
FST-MB-42,Sequential T2P-corridor,True,True,Concentrated dependency; Propagation-amplified cascade,Propagation-amplified cascade,Concentrated dependency; Propagation-amplified cascade,Propagation-amplified cascade,T2P; corridor,"[{""target"":""T2P"",""magnitude"":0.4,""start_week"":12,""duration_weeks"":3,""recovery_weeks"":3},{""target"":""corridor"",""magnitude"":0.5,""start_week"":15,""duration_weeks"":2,""recovery_weeks"":3}]"
FST-MB-43,Sequential T2P-corridor,True,True,Concentrated dependency; Propagation-amplified cascade,Propagation-amplified cascade,Concentrated dependency; Propagation-amplified cascade,Propagation-amplified cascade,T2P; corridor,"[{""target"":""T2P"",""magnitude"":0.5,""start_week"":12,""duration_weeks"":3,""recovery_weeks"":3},{""target"":""corridor"",""magnitude"":0.5,""start_week"":15,""duration_weeks"":2,""recovery_weeks"":3}]"
FST-MB-44,Sequential T2P-corridor,True,True,Concentrated dependency; Propagation-amplified cascade,Propagation-amplified cascade,Concentrated dependency; Propagation-amplified cascade,Propagation-amplified cascade,T2P; corridor,"[{""target"":""T2P"",""magnitude"":0.6,""start_week"":12,""duration_weeks"":3,""recovery_weeks"":3},{""target"":""corridor"",""magnitude"":0.5,""start_week"":15,""duration_weeks"":2,""recovery_weeks"":3}]"
FST-MB-45,Sequential T2P-corridor,True,True,Concentrated dependency; Propagation-amplified cascade,Propagation-amplified cascade,Concentrated dependency; Propagation-amplified cascade,Propagation-amplified cascade,T2P; corridor,"[{""target"":""T2P"",""magnitude"":0.7,""start_week"":12,""duration_weeks"":3,""recovery_weeks"":3},{""target"":""corridor"",""magnitude"":0.5,""start_week"":15,""duration_weeks"":2,""recovery_weeks"":3}]"
FST-MB-46,Sequential corridor-T2P,True,True,Concentrated dependency; Hidden convergent dependency; Propagation-amplified cascade; Recovery lag and temporal overlap,Hidden convergent dependency,Concentrated dependency; Hidden convergent dependency; Propagation-amplified cascade; Recovery lag and temporal overlap,Hidden convergent dependency,T2P; corridor,"[{""target"":""corridor"",""magnitude"":0.3,""start_week"":12,""duration_weeks"":3,""recovery_weeks"":3},{""target"":""T2P"",""magnitude"":0.5,""start_week"":15,""duration_weeks"":2,""recovery_weeks"":3}]"
FST-MB-47,Sequential corridor-T2P,True,True,Concentrated dependency,Concentrated dependency,Concentrated dependency; Propagation-amplified cascade,Propagation-amplified cascade,T2P; corridor,"[{""target"":""corridor"",""magnitude"":0.4,""start_week"":12,""duration_weeks"":3,""recovery_weeks"":3},{""target"":""T2P"",""magnitude"":0.5,""start_week"":15,""duration_weeks"":2,""recovery_weeks"":3}]"
FST-MB-48,Sequential corridor-T2P,True,True,Concentrated dependency,Concentrated dependency,Concentrated dependency; Propagation-amplified cascade,Propagation-amplified cascade,T2P; corridor,"[{""target"":""corridor"",""magnitude"":0.5,""start_week"":12,""duration_weeks"":3,""recovery_weeks"":3},{""target"":""T2P"",""magnitude"":0.5,""start_week"":15,""duration_weeks"":2,""recovery_weeks"":3}]"
FST-MB-49,Sequential corridor-T2P,True,True,Concentrated dependency,Concentrated dependency,Concentrated dependency; Propagation-amplified cascade,Propagation-amplified cascade,T2P; corridor,"[{""target"":""corridor"",""magnitude"":0.6,""start_week"":12,""duration_weeks"":3,""recovery_weeks"":3},{""target"":""T2P"",""magnitude"":0.5,""start_week"":15,""duration_weeks"":2,""recovery_weeks"":3}]"
FST-MB-50,Sequential corridor-T2P,True,True,Concentrated dependency,Concentrated dependency,Concentrated dependency; Propagation-amplified cascade,Propagation-amplified cascade,T2P; corridor,"[{""target"":""corridor"",""magnitude"":0.7,""start_week"":12,""duration_weeks"":3,""recovery_weeks"":3},{""target"":""T2P"",""magnitude"":0.5,""start_week"":15,""duration_weeks"":2,""recovery_weeks"":3}]"
