architecture,n,horizon,K,B,repetition,status,completed_candidates,failures,prefix_event_count,attribution_pair_iterations,passive_seconds,active_seconds,attribution_seconds,end_to_end_seconds,requested_simulations,unique_simulations,cache_hits,baseline_memory_mb,peak_memory_mb,incremental_peak_memory_mb,memory_measurement,node_count,edge_count
shared,3,52,4,50,1,completed,50,50,200,600,0.5461485001142137,0.5531805996433832,1.4369585000677034,2.709635299979709,600,253,347,969.1875,969.265625,0.078125,Windows GetProcessMemoryInfo working set; incremental over cell baseline,6,7
shared,3,52,4,50,2,completed,50,50,200,600,0.514712399977725,0.5144916999852285,1.377699800010305,2.557204900018405,600,253,347,969.265625,969.265625,0.0,Windows GetProcessMemoryInfo working set; incremental over cell baseline,6,7
shared,3,52,4,50,3,completed,50,50,200,600,0.5243925001705065,0.5264807000057772,1.42675740015693,2.6488578999997117,600,253,347,969.265625,969.265625,0.0,Windows GetProcessMemoryInfo working set; incremental over cell baseline,6,7
shared,3,52,4,50,4,completed,50,50,200,600,0.5530793000361882,0.532809600175824,1.4791854998329654,2.734603699995205,600,253,347,969.265625,969.265625,0.0,Windows GetProcessMemoryInfo working set; incremental over cell baseline,6,7
shared,3,52,4,50,5,completed,50,50,200,600,0.5151881999336183,0.5311060000094585,1.4230439002276398,2.632001699996181,600,253,347,969.265625,969.265625,0.0,Windows GetProcessMemoryInfo working set; incremental over cell baseline,6,7
shared,9,52,4,50,1,completed,50,50,200,600,0.7693817997933365,0.7372901999624446,2.161756399902515,3.8140478000277653,600,253,347,950.26953125,950.28125,0.01171875,Windows GetProcessMemoryInfo working set; incremental over cell baseline,12,19
shared,9,52,4,50,2,completed,50,50,200,600,0.8099703001207672,0.758507700287737,2.2252261000103317,3.9526263000443578,600,253,347,950.28125,950.28125,0.0,Windows GetProcessMemoryInfo working set; incremental over cell baseline,12,19
shared,9,52,4,50,3,completed,50,50,200,600,0.7486091002356261,0.7279520001611672,2.1547128001693636,3.776951400039252,600,253,347,946.28125,946.28125,0.0,Windows GetProcessMemoryInfo working set; incremental over cell baseline,12,19
shared,9,52,4,50,4,completed,50,50,200,600,0.7458969000726938,0.7254079998820089,2.1324054002179764,3.745292600011453,600,253,347,946.28125,946.28125,0.0,Windows GetProcessMemoryInfo working set; incremental over cell baseline,12,19
shared,9,52,4,50,5,completed,50,50,200,600,0.700738399871625,0.7184126998763531,2.0409994996734895,3.592631799983792,600,253,347,946.28125,946.28125,0.0,Windows GetProcessMemoryInfo working set; incremental over cell baseline,12,19
shared,30,52,1,50,1,completed,50,50,50,0,1.5342881999677047,1.572710799810011,1.6022857999196276,4.848966300021857,250,151,99,946.28125,946.28125,0.0,Windows GetProcessMemoryInfo working set; incremental over cell baseline,33,61
shared,30,52,1,50,2,completed,50,50,50,0,1.4651287999004126,1.470414400100708,1.5238950000493787,4.592496500001289,250,151,99,946.28125,946.28125,0.0,Windows GetProcessMemoryInfo working set; incremental over cell baseline,33,61
shared,30,52,1,50,3,completed,50,50,50,0,1.444860199932009,1.4779284996911883,1.5801696000271477,4.6402007000287995,250,151,99,946.28125,946.28125,0.0,Windows GetProcessMemoryInfo working set; incremental over cell baseline,33,61
shared,30,52,1,50,4,completed,50,50,50,0,1.6193406999809667,1.679511100111995,1.6843495999346487,5.137843599950429,250,151,99,946.28125,946.28125,0.0,Windows GetProcessMemoryInfo working set; incremental over cell baseline,33,61
shared,30,52,1,50,5,completed,50,50,50,0,1.5825599998934194,1.5574156001093797,1.6847417000099085,4.962472199986223,250,151,99,946.28125,946.28125,0.0,Windows GetProcessMemoryInfo working set; incremental over cell baseline,33,61
shared,30,52,2,50,1,completed,50,50,100,100,1.567972299642861,1.563264800061006,3.2004009999218397,6.476515000045765,350,201,149,946.28125,946.28125,0.0,Windows GetProcessMemoryInfo working set; incremental over cell baseline,33,61
shared,30,52,2,50,2,completed,50,50,100,100,1.802489299851004,1.9567167001077905,3.5646529001533054,7.469951900013257,350,201,149,946.28125,946.28125,0.0,Windows GetProcessMemoryInfo working set; incremental over cell baseline,33,61
shared,30,52,2,50,3,completed,50,50,100,100,1.7834053999977186,1.666659299749881,3.4479618002660573,7.046267399971839,350,201,149,946.27734375,946.27734375,0.0,Windows GetProcessMemoryInfo working set; incremental over cell baseline,33,61
shared,30,52,2,50,4,completed,50,50,100,100,1.7943840997759253,1.692311100079678,3.537210699985735,7.1808834000257775,350,201,149,946.27734375,946.27734375,0.0,Windows GetProcessMemoryInfo working set; incremental over cell baseline,33,61
shared,30,52,2,50,5,completed,50,50,100,100,1.8453616001061164,1.7586013994878158,3.729266799928155,7.493316899985075,350,201,149,946.27734375,946.27734375,0.0,Windows GetProcessMemoryInfo working set; incremental over cell baseline,33,61
shared,30,52,4,50,1,completed,50,50,200,600,1.6753493002033792,1.7327100999536924,5.054900699702557,8.598804000008386,600,253,347,946.27734375,946.27734375,0.0,Windows GetProcessMemoryInfo working set; incremental over cell baseline,33,61
shared,30,52,4,50,2,completed,50,50,200,600,1.7088411998702213,1.6454688998055644,4.92039060004754,8.415665500040632,600,253,347,946.27734375,946.27734375,0.0,Windows GetProcessMemoryInfo working set; incremental over cell baseline,33,61
shared,30,52,4,50,3,completed,50,50,200,600,1.6473419998656027,1.663431099965237,5.110842300346121,8.552195800002664,600,253,347,946.27734375,946.27734375,0.0,Windows GetProcessMemoryInfo working set; incremental over cell baseline,33,61
shared,30,52,4,50,4,completed,50,50,200,600,1.7129573998972774,1.6900621003005654,5.0324455999652855,8.575555599993095,600,253,347,946.27734375,946.27734375,0.0,Windows GetProcessMemoryInfo working set; incremental over cell baseline,33,61
shared,30,52,4,50,5,completed,50,50,200,600,1.8503810997935943,1.785058099834714,5.078594699851237,8.856430099986028,600,253,347,946.27734375,946.27734375,0.0,Windows GetProcessMemoryInfo working set; incremental over cell baseline,33,61
shared,30,52,4,100,1,completed,100,100,400,1200,3.722114499716554,3.776303399936296,11.040267200092785,18.85487889999058,1200,503,697,946.27734375,946.27734375,0.0,Windows GetProcessMemoryInfo working set; incremental over cell baseline,33,61
shared,30,52,4,100,2,completed,100,100,400,1200,3.5736929003614932,3.363086799683515,9.990298299875576,17.217566400009673,1200,503,697,946.27734375,946.27734375,0.0,Windows GetProcessMemoryInfo working set; incremental over cell baseline,33,61
shared,30,52,4,100,3,completed,100,100,400,1200,3.439172000216786,3.4170995001331903,10.196446199726779,17.33601670002099,1200,503,697,946.27734375,946.27734375,0.0,Windows GetProcessMemoryInfo working set; incremental over cell baseline,33,61
shared,30,52,4,100,4,completed,100,100,400,1200,3.499918000015896,3.3758000000962056,10.083718099689577,17.239213399996515,1200,503,697,946.27734375,946.27734375,0.0,Windows GetProcessMemoryInfo working set; incremental over cell baseline,33,61
shared,30,52,4,100,5,completed,100,100,400,1200,3.499781799968332,3.430138400348369,10.173122300358955,17.393252500041854,1200,503,697,946.27734375,946.27734375,0.0,Windows GetProcessMemoryInfo working set; incremental over cell baseline,33,61
shared,30,52,4,200,1,completed,200,200,800,2400,6.7994652997585945,6.95519589970354,20.104563900269568,34.42612499999814,2400,1003,1397,946.27734375,946.27734375,0.0,Windows GetProcessMemoryInfo working set; incremental over cell baseline,33,61
shared,30,52,4,200,2,completed,200,200,800,2400,6.9816635002498515,6.9296770001528785,20.513127300073393,35.00264739996055,2400,1003,1397,946.27734375,946.27734375,0.0,Windows GetProcessMemoryInfo working set; incremental over cell baseline,33,61
shared,30,52,4,200,3,completed,200,200,800,2400,6.8170492998324335,6.7089994993875735,20.082356399914715,34.17809950001538,2400,1003,1397,946.2734375,946.2734375,0.0,Windows GetProcessMemoryInfo working set; incremental over cell baseline,33,61
shared,30,52,4,200,4,completed,200,200,800,2400,6.6873506002593786,6.778031800233293,19.80321150016971,33.846765899972524,2400,1003,1397,946.2734375,946.2734375,0.0,Windows GetProcessMemoryInfo working set; incremental over cell baseline,33,61
shared,30,52,4,200,5,completed,200,200,800,2400,6.900599800166674,6.79540540050948,20.26064260007115,34.53432450001128,2400,1003,1397,946.2734375,946.2734375,0.0,Windows GetProcessMemoryInfo working set; incremental over cell baseline,33,61
shared,30,52,4,500,1,completed,500,500,2000,6000,16.96677939966321,17.17255610023858,50.461890100559685,86.09048439998878,6000,2503,3497,946.2734375,946.27734375,0.00390625,Windows GetProcessMemoryInfo working set; incremental over cell baseline,33,61
shared,30,52,4,500,2,completed,500,500,2000,6000,17.110382500453852,17.235358200210612,50.585428699909244,86.33647330000531,6000,2503,3497,946.26953125,946.26953125,0.0,Windows GetProcessMemoryInfo working set; incremental over cell baseline,33,61
shared,30,52,4,500,3,completed,500,500,2000,6000,16.86273869953584,17.020297800423577,49.8245927990647,85.09551389998524,6000,2503,3497,946.26953125,946.26953125,0.0,Windows GetProcessMemoryInfo working set; incremental over cell baseline,33,61
shared,30,52,4,500,4,completed,500,500,2000,6000,17.44541980046779,17.430697400006466,50.93128239939688,87.21823340002447,6000,2503,3497,946.265625,946.265625,0.0,Windows GetProcessMemoryInfo working set; incremental over cell baseline,33,61
shared,30,52,4,500,5,completed,500,500,2000,6000,18.28424900036771,18.335317499761004,53.15387200115947,91.29185539996251,6000,2503,3497,946.265625,946.265625,0.0,Windows GetProcessMemoryInfo working set; incremental over cell baseline,33,61
shared,30,52,8,50,1,completed,50,50,400,2800,1.8031210000626743,1.9080901000415906,5.722422400081996,9.57460589997936,1400,253,1147,946.26953125,946.28515625,0.015625,Windows GetProcessMemoryInfo working set; incremental over cell baseline,33,61
shared,30,52,8,50,2,completed,50,50,400,2800,1.881193400011398,1.8468888999777846,5.5539217999903485,9.427820200042333,1400,253,1147,946.28515625,946.28515625,0.0,Windows GetProcessMemoryInfo working set; incremental over cell baseline,33,61
shared,30,52,8,50,3,completed,50,50,400,2800,1.8614031001343392,1.9225146001554094,5.586694999947213,9.50425220001489,1400,253,1147,946.28515625,946.28515625,0.0,Windows GetProcessMemoryInfo working set; incremental over cell baseline,33,61
shared,30,52,8,50,4,completed,50,50,400,2800,1.886252099997364,1.9131107002613135,5.358318500162568,9.300324699957855,1400,253,1147,946.28515625,946.28515625,0.0,Windows GetProcessMemoryInfo working set; incremental over cell baseline,33,61
shared,30,52,8,50,5,completed,50,50,400,2800,1.831257299752906,1.8701012001256458,5.670858999830671,9.515736299974378,1400,253,1147,946.28125,946.28125,0.0,Windows GetProcessMemoryInfo working set; incremental over cell baseline,33,61
shared,30,52,16,50,1,completed,50,50,800,12000,2.24694450001698,2.3618159000761807,7.285433899902273,12.045616999967024,4200,253,3947,946.28515625,949.91015625,3.625,Windows GetProcessMemoryInfo working set; incremental over cell baseline,33,61
shared,30,52,16,50,2,completed,50,50,800,12000,2.316221100219991,2.2798290999489836,7.248403599951416,11.992843300045934,4200,253,3947,949.91015625,950.671875,0.76171875,Windows GetProcessMemoryInfo working set; incremental over cell baseline,33,61
shared,30,52,16,50,3,completed,50,50,800,12000,2.22520389984129,2.2165737997856922,7.136781200184487,11.724064600013662,4200,253,3947,950.671875,950.67578125,0.00390625,Windows GetProcessMemoryInfo working set; incremental over cell baseline,33,61
shared,30,52,16,50,4,completed,50,50,800,12000,2.2331875998643227,2.385142399754841,7.180528199940454,11.943932999973185,4200,253,3947,950.671875,950.69140625,0.01953125,Windows GetProcessMemoryInfo working set; incremental over cell baseline,33,61
shared,30,52,16,50,5,completed,50,50,800,12000,2.274433199840132,2.2430195997585543,7.069847899780143,11.733751500025392,4200,253,3947,950.69140625,950.875,0.18359375,Windows GetProcessMemoryInfo working set; incremental over cell baseline,33,61
shared,30,104,4,50,1,completed,50,50,200,600,3.2850916000897996,3.464520100154914,10.130916799942497,17.026682500028983,600,253,347,950.875,954.6796875,3.8046875,Windows GetProcessMemoryInfo working set; incremental over cell baseline,33,61
shared,30,104,4,50,2,completed,50,50,200,600,3.541821500111837,3.490655199799221,10.60571889980929,17.781578099995386,600,253,347,951.89453125,954.94921875,3.0546875,Windows GetProcessMemoryInfo working set; incremental over cell baseline,33,61
shared,30,104,4,50,3,completed,50,50,200,600,3.552842099859845,3.5094854999915697,10.257231999887154,17.46524099999806,600,253,347,952.671875,955.21875,2.546875,Windows GetProcessMemoryInfo working set; incremental over cell baseline,33,61
shared,30,104,4,50,4,completed,50,50,200,600,3.3235859000124037,3.254956400138326,9.946026600024197,16.664384300005622,600,253,347,950.4609375,954.27734375,3.81640625,Windows GetProcessMemoryInfo working set; incremental over cell baseline,33,61
shared,30,104,4,50,5,completed,50,50,200,600,3.279379000130575,3.3325377998990007,9.968921599676833,16.71703170001274,600,253,347,950.58203125,954.17578125,3.59375,Windows GetProcessMemoryInfo working set; incremental over cell baseline,33,61
shared,30,208,4,50,1,completed,50,50,200,600,6.7180386000545695,6.633671300020069,19.800336999993306,33.30143130000215,600,253,347,951.3984375,963.55078125,12.15234375,Windows GetProcessMemoryInfo working set; incremental over cell baseline,33,61
shared,30,208,4,50,2,completed,50,50,200,600,6.802311000123154,6.836793599824887,20.259230999916326,34.04689579998376,600,253,347,945.98828125,963.1171875,17.12890625,Windows GetProcessMemoryInfo working set; incremental over cell baseline,33,61
shared,30,208,4,50,3,completed,50,50,200,600,6.9423921999987215,7.034321500279475,20.617677700181957,34.736544299987145,600,253,347,945.74609375,962.81640625,17.0703125,Windows GetProcessMemoryInfo working set; incremental over cell baseline,33,61
shared,30,208,4,50,4,completed,50,50,200,600,6.522251800168306,6.719156200008001,19.836253800080158,33.21975200000452,600,253,347,945.625,963.08203125,17.45703125,Windows GetProcessMemoryInfo working set; incremental over cell baseline,33,61
shared,30,208,4,50,5,completed,50,50,200,600,9.18726989987772,44.9823966002441,42.136073099973146,96.60427609999897,600,253,347,945.6875,963.12890625,17.44140625,Windows GetProcessMemoryInfo working set; incremental over cell baseline,33,61
shared,90,52,4,50,1,completed,50,50,200,600,6.94570429995656,6.729945400147699,18.998350699723233,32.91558829997666,600,253,347,946.29296875,946.5546875,0.26171875,Windows GetProcessMemoryInfo working set; incremental over cell baseline,93,181
shared,90,52,4,50,2,completed,50,50,200,600,13.553368700144347,26.754661299753934,58.68075130012585,99.22047739999834,600,253,347,946.5546875,946.60546875,0.05078125,Windows GetProcessMemoryInfo working set; incremental over cell baseline,93,181
shared,90,52,4,50,3,completed,50,50,200,600,7.478796900308225,16.63925940002082,31.259212399832904,55.80800289998297,600,253,347,946.60546875,946.60546875,0.0,Windows GetProcessMemoryInfo working set; incremental over cell baseline,93,181
shared,90,52,4,50,4,timeout,36,37,144,432,83.83120730012888,6.55297760036774,25.794385099958163,122.04529249999905,433,184,249,946.60546875,946.60546875,0.0,Windows GetProcessMemoryInfo working set; incremental over cell baseline,93,181
shared,90,52,4,50,5,completed,50,50,200,600,6.942036800202914,7.791054000088479,23.470239299815148,38.3997283000499,600,253,347,802.0234375,802.0234375,0.0,Windows GetProcessMemoryInfo working set; incremental over cell baseline,93,181
shared,300,52,4,50,1,completed,50,50,200,600,20.714017199818045,20.963322800176684,72.4982919000322,114.37324950000038,600,253,347,706.94140625,707.07421875,0.1328125,Windows GetProcessMemoryInfo working set; incremental over cell baseline,303,601
shared,300,52,4,50,2,completed,50,50,200,600,20.790421899815556,19.04883539985167,62.61671019974165,102.67001310002524,600,253,347,627.09375,627.1015625,0.0078125,Windows GetProcessMemoryInfo working set; incremental over cell baseline,303,601
shared,300,52,4,50,3,completed,50,50,200,600,19.615440199733712,18.580663099943195,60.27095130010275,98.62843719997909,600,253,347,329.30078125,330.61328125,1.3125,Windows GetProcessMemoryInfo working set; incremental over cell baseline,303,601
shared,300,52,4,50,4,completed,50,50,200,600,19.443180999951437,18.926319899968803,60.573317700007465,99.13119039998855,600,253,347,330.14453125,330.6484375,0.50390625,Windows GetProcessMemoryInfo working set; incremental over cell baseline,303,601
shared,300,52,4,50,5,completed,50,50,200,600,21.179729300143663,19.918249700043816,63.604794999817386,105.38544460001867,600,253,347,330.6484375,330.65234375,0.00390625,Windows GetProcessMemoryInfo working set; incremental over cell baseline,303,601
partitioned,3,52,4,50,1,completed,50,50,200,600,0.9646514000487514,1.0209623001283035,2.3794549999875017,4.605823600024451,600,253,347,267.26953125,267.3203125,0.05078125,Windows GetProcessMemoryInfo working set; incremental over cell baseline,6,7
partitioned,3,52,4,50,2,completed,50,50,200,600,1.146059000166133,1.0066114999935962,2.3819169002817944,4.8755969000048935,600,253,347,267.32421875,267.36328125,0.0390625,Windows GetProcessMemoryInfo working set; incremental over cell baseline,6,7
partitioned,3,52,4,50,3,completed,50,50,200,600,0.7915007002884522,0.8605993001838215,2.550644000119064,4.517465400043875,600,253,347,267.36328125,267.44921875,0.0859375,Windows GetProcessMemoryInfo working set; incremental over cell baseline,6,7
partitioned,3,52,4,50,4,completed,50,50,200,600,0.5486842999816872,0.5650828999932855,1.5143917998066172,2.7958522000117227,600,253,347,267.453125,267.52734375,0.07421875,Windows GetProcessMemoryInfo working set; incremental over cell baseline,6,7
partitioned,3,52,4,50,5,completed,50,50,200,600,0.5690480000921525,0.5453708998975344,1.506755999987945,2.778015799995046,600,253,347,267.52734375,267.5703125,0.04296875,Windows GetProcessMemoryInfo working set; incremental over cell baseline,6,7
partitioned,9,52,4,50,1,completed,50,50,200,600,1.1562693997402675,1.142025200126227,4.0895513001596555,6.562454900005832,650,303,347,267.60546875,267.6171875,0.01171875,Windows GetProcessMemoryInfo working set; incremental over cell baseline,14,19
partitioned,9,52,4,50,2,completed,50,50,200,600,1.1004535999381915,1.1114950999617577,4.438061099965125,6.84344789996976,650,303,347,267.6171875,267.625,0.0078125,Windows GetProcessMemoryInfo working set; incremental over cell baseline,14,19
partitioned,9,52,4,50,3,completed,50,50,200,600,1.3038925999426283,1.279065200185869,5.170443799754139,7.985497799993027,650,303,347,267.625,267.625,0.0,Windows GetProcessMemoryInfo working set; incremental over cell baseline,14,19
partitioned,9,52,4,50,4,completed,50,50,200,600,1.0345487999147736,1.0545603997888975,3.9966877999831922,6.2669745000312105,650,303,347,267.625,267.625,0.0,Windows GetProcessMemoryInfo working set; incremental over cell baseline,14,19
partitioned,9,52,4,50,5,completed,50,50,200,600,0.9593483000644483,0.9774948998820037,3.6739523996948265,5.777799599978607,650,303,347,267.625,267.640625,0.015625,Windows GetProcessMemoryInfo working set; incremental over cell baseline,14,19
partitioned,30,52,1,50,1,completed,50,0,0,0,2.115299399709329,0.0,0.0,2.285922800016124,50,50,0,267.66796875,267.66796875,0.0,Windows GetProcessMemoryInfo working set; incremental over cell baseline,42,61
partitioned,30,52,1,50,2,completed,50,0,0,0,2.412812999857124,0.0,0.0,2.601949199975934,50,50,0,267.66796875,267.71875,0.05078125,Windows GetProcessMemoryInfo working set; incremental over cell baseline,42,61
partitioned,30,52,1,50,3,completed,50,0,0,0,2.401378199865576,0.0,0.0,2.6049647000036202,50,50,0,267.71875,267.8125,0.09375,Windows GetProcessMemoryInfo working set; incremental over cell baseline,42,61
partitioned,30,52,1,50,4,completed,50,0,0,0,2.0567435002303682,0.0,0.0,2.2100447999546304,50,50,0,267.8125,267.87109375,0.05859375,Windows GetProcessMemoryInfo working set; incremental over cell baseline,42,61
partitioned,30,52,1,50,5,completed,50,0,0,0,2.103702400054317,0.0,0.0,2.251830500026699,50,50,0,267.87109375,267.94921875,0.078125,Windows GetProcessMemoryInfo working set; incremental over cell baseline,42,61
partitioned,30,52,2,50,1,completed,50,50,100,100,2.38800119998632,2.3974445998319425,4.718853699974716,9.677729399991222,350,201,149,268.05078125,268.453125,0.40234375,Windows GetProcessMemoryInfo working set; incremental over cell baseline,42,61
partitioned,30,52,2,50,2,completed,50,50,100,100,2.2829834999865852,2.1985191997955553,4.60360330005642,9.243336100014858,350,201,149,268.453125,268.62109375,0.16796875,Windows GetProcessMemoryInfo working set; incremental over cell baseline,42,61
partitioned,30,52,2,50,3,completed,50,50,100,100,2.2380903001176193,2.216793000116013,4.534554299956653,9.156896099972073,350,201,149,268.62109375,268.62109375,0.0,Windows GetProcessMemoryInfo working set; incremental over cell baseline,42,61
partitioned,30,52,2,50,4,completed,50,50,100,100,2.4462237997795455,2.5819597995723598,4.697593699966092,9.879643900028896,350,201,149,268.62109375,268.62109375,0.0,Windows GetProcessMemoryInfo working set; incremental over cell baseline,42,61
partitioned,30,52,2,50,5,completed,50,50,100,100,2.1688069999800064,2.1622870001592673,4.370628899836447,8.856193299987353,350,201,149,268.62109375,268.62109375,0.0,Windows GetProcessMemoryInfo working set; incremental over cell baseline,42,61
partitioned,30,52,4,50,1,completed,50,50,200,600,2.4652291998500004,2.4429305000812747,9.825005600170698,14.913901299994905,650,303,347,268.625,268.703125,0.078125,Windows GetProcessMemoryInfo working set; incremental over cell baseline,42,61
partitioned,30,52,4,50,2,completed,50,50,200,600,2.536385300278198,2.5210933999624103,10.068597800040152,15.294984600041062,650,303,347,268.703125,268.92578125,0.22265625,Windows GetProcessMemoryInfo working set; incremental over cell baseline,42,61
partitioned,30,52,4,50,3,completed,50,50,200,600,2.191831599746365,2.196351599995978,8.704906499944627,13.248428900027648,650,303,347,268.92578125,269.16796875,0.2421875,Windows GetProcessMemoryInfo working set; incremental over cell baseline,42,61
partitioned,30,52,4,50,4,completed,50,50,200,600,2.3339483997551724,2.325532400107477,8.979104199970607,13.814843499974813,650,303,347,269.16796875,269.33203125,0.1640625,Windows GetProcessMemoryInfo working set; incremental over cell baseline,42,61
partitioned,30,52,4,50,5,completed,50,50,200,600,2.265610100061167,2.297065499878954,9.01239260006696,13.72879299998749,650,303,347,269.33203125,269.39453125,0.0625,Windows GetProcessMemoryInfo working set; incremental over cell baseline,42,61
partitioned,30,52,4,100,1,completed,100,100,400,1200,4.633607500290964,4.747853800363373,18.620186100597493,28.321993099991232,1300,603,697,269.421875,269.71484375,0.29296875,Windows GetProcessMemoryInfo working set; incremental over cell baseline,42,61
partitioned,30,52,4,100,2,completed,100,100,400,1200,4.6754404997918755,4.683976800180972,18.237316800223198,28.073094799998216,1300,603,697,269.71484375,269.71484375,0.0,Windows GetProcessMemoryInfo working set; incremental over cell baseline,42,61
partitioned,30,52,4,100,3,completed,100,100,400,1200,4.560332200024277,4.550341299851425,18.401262299972586,27.839781899994705,1300,603,697,269.71484375,269.71484375,0.0,Windows GetProcessMemoryInfo working set; incremental over cell baseline,42,61
partitioned,30,52,4,100,4,completed,100,100,400,1200,4.588295099907555,4.504689099674579,17.590101300098468,26.996284699998796,1300,603,697,266.6640625,266.890625,0.2265625,Windows GetProcessMemoryInfo working set; incremental over cell baseline,42,61
partitioned,30,52,4,100,5,completed,100,100,400,1200,4.211505799787119,4.3485781999188475,16.779419499565847,25.645984900009353,1300,603,697,266.890625,266.8984375,0.0078125,Windows GetProcessMemoryInfo working set; incremental over cell baseline,42,61
partitioned,30,52,4,200,1,completed,200,200,800,2400,8.324286700051744,8.195673100242857,32.202645800076425,49.322444699995685,2600,1203,1397,266.90234375,270.63671875,3.734375,Windows GetProcessMemoryInfo working set; incremental over cell baseline,42,61
partitioned,30,52,4,200,2,completed,200,200,800,2400,9.023226099379826,8.811753999907523,34.59960410033818,53.0440289999824,2600,1203,1397,270.63671875,271.1328125,0.49609375,Windows GetProcessMemoryInfo working set; incremental over cell baseline,42,61
partitioned,30,52,4,200,3,completed,200,200,800,2400,8.793459900072776,8.815851299848873,35.2056795003009,53.440788400010206,2600,1203,1397,271.1328125,271.15234375,0.01953125,Windows GetProcessMemoryInfo working set; incremental over cell baseline,42,61
partitioned,30,52,4,200,4,completed,200,200,800,2400,8.234380499867257,8.256743900303263,32.502050999202766,49.583003099949565,2600,1203,1397,271.15234375,271.35546875,0.203125,Windows GetProcessMemoryInfo working set; incremental over cell baseline,42,61
partitioned,30,52,4,200,5,completed,200,200,800,2400,8.771298899140675,8.915167499915697,35.40977530012606,53.75971220002975,2600,1203,1397,271.35546875,271.39453125,0.0390625,Windows GetProcessMemoryInfo working set; incremental over cell baseline,42,61
partitioned,30,52,4,500,1,timeout,439,439,1756,5268,20.524507200345397,19.768207099637948,78.29416810034309,120.01233399997,5707,2637,3070,268.390625,416.98046875,148.58984375,Windows GetProcessMemoryInfo working set; incremental over cell baseline,42,61
partitioned,30,52,4,500,2,timeout,469,470,1876,5628,20.038155199668836,20.054557599534746,78.55539920117008,120.0332471000147,6098,2818,3280,416.984375,435.7890625,18.8046875,Windows GetProcessMemoryInfo working set; incremental over cell baseline,42,61
partitioned,30,52,4,500,3,timeout,492,492,1968,5904,20.311529999482445,20.22253890009597,78.07218299957458,120.01823430001969,6396,2955,3441,435.88671875,449.57421875,13.6875,Windows GetProcessMemoryInfo working set; incremental over cell baseline,42,61
partitioned,30,52,4,500,4,timeout,427,428,1708,5124,20.05582040088484,19.6175328004756,78.88886819902109,120.00111940002535,5552,2566,2986,449.578125,450.06640625,0.48828125,Windows GetProcessMemoryInfo working set; incremental over cell baseline,42,61
partitioned,30,52,4,500,5,timeout,469,469,1876,5628,20.120309200370684,20.41123010031879,78.12132710043807,120.08091890002834,6097,2817,3280,450.06640625,450.06640625,0.0,Windows GetProcessMemoryInfo working set; incremental over cell baseline,42,61
partitioned,30,52,8,50,1,completed,50,50,400,2800,2.1325532000046223,2.2162031999323517,13.253713200159837,17.75791450001998,1550,405,1145,450.171875,450.54296875,0.37109375,Windows GetProcessMemoryInfo working set; incremental over cell baseline,42,61
partitioned,30,52,8,50,2,completed,50,50,400,2800,2.456962699710857,2.31117230001837,14.26609470002586,19.206125599972438,1550,405,1145,450.54296875,450.546875,0.00390625,Windows GetProcessMemoryInfo working set; incremental over cell baseline,42,61
partitioned,30,52,8,50,3,completed,50,50,400,2800,2.0795052999746986,2.146356599871069,12.429557000054047,16.797114700020757,1550,405,1145,450.55078125,450.59765625,0.046875,Windows GetProcessMemoryInfo working set; incremental over cell baseline,42,61
partitioned,30,52,8,50,4,completed,50,50,400,2800,2.2463448002235964,2.34137339994777,13.298935000086203,18.032068800006527,1550,405,1145,450.59765625,450.72265625,0.125,Windows GetProcessMemoryInfo working set; incremental over cell baseline,42,61
partitioned,30,52,8,50,5,completed,50,50,400,2800,2.1842293002991937,2.2177312001003884,13.164754699973855,17.71496189996833,1550,405,1145,450.72265625,450.72265625,0.0,Windows GetProcessMemoryInfo working set; incremental over cell baseline,42,61
partitioned,30,52,16,50,1,completed,50,50,800,12000,2.836538899980951,2.7515765000716783,27.36815600009868,33.10924319998594,4550,609,3941,450.8046875,455.96484375,5.16015625,Windows GetProcessMemoryInfo working set; incremental over cell baseline,42,61
partitioned,30,52,16,50,2,completed,50,50,800,12000,3.6715923001174815,3.392992799868807,33.70495180005673,40.94095069996547,4550,609,3941,455.96875,456.34765625,0.37890625,Windows GetProcessMemoryInfo working set; incremental over cell baseline,42,61
partitioned,30,52,16,50,3,completed,50,50,800,12000,2.5984828998334706,2.8297589996363968,25.883305199851748,31.4571142999921,4550,609,3941,456.34765625,456.34765625,0.0,Windows GetProcessMemoryInfo working set; incremental over cell baseline,42,61
partitioned,30,52,16,50,4,completed,50,50,800,12000,2.647110399964731,2.537461399973836,26.51853380020475,31.85838629998034,4550,609,3941,456.34765625,456.3515625,0.00390625,Windows GetProcessMemoryInfo working set; incremental over cell baseline,42,61
partitioned,30,52,16,50,5,completed,50,50,800,12000,2.5900574001134373,2.9070735999848694,25.964869099785574,31.62156060000416,4550,609,3941,456.3515625,456.3515625,0.0,Windows GetProcessMemoryInfo working set; incremental over cell baseline,42,61
partitioned,30,104,4,50,1,completed,50,50,200,600,4.161642099847086,4.078137800155673,16.333416599954944,24.719164399954025,650,303,347,456.421875,456.42578125,0.00390625,Windows GetProcessMemoryInfo working set; incremental over cell baseline,42,61
partitioned,30,104,4,50,2,completed,50,50,200,600,4.707297699991614,4.6279390999116,18.024612300039735,27.518381299974862,650,303,347,441.4921875,450.51171875,9.01953125,Windows GetProcessMemoryInfo working set; incremental over cell baseline,42,61
partitioned,30,104,4,50,3,completed,50,50,200,600,4.541795700206421,4.685658800008241,18.692489000153728,28.127028399962,650,303,347,442.38671875,450.765625,8.37890625,Windows GetProcessMemoryInfo working set; incremental over cell baseline,42,61
partitioned,30,104,4,50,4,completed,50,50,200,600,4.531333799590357,4.565014299703762,17.631605800241232,26.878779100021347,650,303,347,442.1484375,450.515625,8.3671875,Windows GetProcessMemoryInfo working set; incremental over cell baseline,42,61
partitioned,30,104,4,50,5,completed,50,50,200,600,4.054445800022222,4.011094300134573,16.15553529979661,24.366850099992007,650,303,347,441.37890625,450.515625,9.13671875,Windows GetProcessMemoryInfo working set; incremental over cell baseline,42,61
partitioned,30,208,4,50,1,completed,50,50,200,600,8.12565690005431,8.090467899863143,30.826513000007253,47.18335590005154,650,303,347,441.4453125,462.46875,21.0234375,Windows GetProcessMemoryInfo working set; incremental over cell baseline,42,61
partitioned,30,208,4,50,2,completed,50,50,200,600,8.231830500415526,7.785618799855001,31.29637390008429,47.46604640001897,650,303,347,442.0,462.5,20.5,Windows GetProcessMemoryInfo working set; incremental over cell baseline,42,61
partitioned,30,208,4,50,3,completed,50,50,200,600,7.5854673001449555,7.893251000030432,31.135007599950768,46.7586592999869,650,303,347,441.83984375,462.5859375,20.74609375,Windows GetProcessMemoryInfo working set; incremental over cell baseline,42,61
partitioned,30,208,4,50,4,completed,50,50,200,600,8.012082399916835,8.002495799970347,32.33590390003519,48.50073250004789,650,303,347,442.26171875,462.5,20.23828125,Windows GetProcessMemoryInfo working set; incremental over cell baseline,42,61
partitioned,30,208,4,50,5,completed,50,50,200,600,7.768446199945174,8.011989899678156,31.497344999865163,47.431822400016245,650,303,347,442.328125,462.58203125,20.25390625,Windows GetProcessMemoryInfo working set; incremental over cell baseline,42,61
partitioned,90,52,4,50,1,completed,50,50,200,600,5.797531399817672,6.0290861000539735,23.646763199882116,35.62041989999125,650,303,347,442.90234375,443.0234375,0.12109375,Windows GetProcessMemoryInfo working set; incremental over cell baseline,122,181
partitioned,90,52,4,50,2,completed,50,50,200,600,6.173852800158784,6.185129899880849,25.67124570015585,38.18018129997654,650,303,347,443.0234375,443.0234375,0.0,Windows GetProcessMemoryInfo working set; incremental over cell baseline,122,181
partitioned,90,52,4,50,3,completed,50,50,200,600,5.79025080014253,5.904297600034624,23.757432700076606,35.59845599997789,650,303,347,443.0234375,443.0234375,0.0,Windows GetProcessMemoryInfo working set; incremental over cell baseline,122,181
partitioned,90,52,4,50,4,completed,50,50,200,600,5.976741999853402,5.769938199955504,23.552732500305865,35.44526599999517,650,303,347,443.0234375,443.0234375,0.0,Windows GetProcessMemoryInfo working set; incremental over cell baseline,122,181
partitioned,90,52,4,50,5,completed,50,50,200,600,6.012215299881063,5.873853099998087,23.754505400022026,35.78274210001109,650,303,347,443.0234375,443.0234375,0.0,Windows GetProcessMemoryInfo working set; incremental over cell baseline,122,181
partitioned,300,52,4,50,1,timeout,35,35,140,420,19.872851599997375,19.512524299731012,82.18010339984903,121.65958300000057,455,213,242,443.16796875,443.5234375,0.35546875,Windows GetProcessMemoryInfo working set; incremental over cell baseline,402,601
partitioned,300,52,4,50,2,timeout,35,35,140,420,19.66807449987391,19.73310370009858,81.05276510014664,120.55767599999672,455,213,242,443.5234375,443.52734375,0.00390625,Windows GetProcessMemoryInfo working set; incremental over cell baseline,402,601
partitioned,300,52,4,50,3,timeout,38,38,152,456,19.932820799935143,19.795040099939797,80.96495989977848,120.79462260002038,494,231,263,443.52734375,443.53125,0.00390625,Windows GetProcessMemoryInfo working set; incremental over cell baseline,402,601
partitioned,300,52,4,50,4,timeout,38,38,152,456,19.741887799813412,20.241634200210683,81.66891680011759,121.75720069999807,494,231,263,443.53125,443.53515625,0.00390625,Windows GetProcessMemoryInfo working set; incremental over cell baseline,402,601
partitioned,300,52,4,50,5,timeout,37,37,148,444,19.97497379995184,19.74236539984122,81.07959639956243,120.8984132000478,481,225,256,443.53515625,443.53515625,0.0,Windows GetProcessMemoryInfo working set; incremental over cell baseline,402,601
