cohort,topology,threshold,method,seed,numerator,denominator,coverage
archived,A,moderate,FST-original,42,393,496,0.7923387096774194
archived,A,moderate,FST-original,314,407,484,0.8409090909090909
archived,A,moderate,FST-original,1618,392,494,0.7935222672064778
archived,A,moderate,FST-original,2026,373,484,0.7706611570247934
archived,A,moderate,FST-original,2718,383,497,0.7706237424547284
archived,A,moderate,MI-FST,42,423,496,0.8528225806451613
archived,A,moderate,MI-FST,314,426,484,0.8801652892561983
archived,A,moderate,MI-FST,1618,420,494,0.8502024291497976
archived,A,moderate,MI-FST,2026,404,484,0.8347107438016529
archived,A,moderate,MI-FST,2718,420,497,0.8450704225352113
archived,A,moderate,RST,42,443,496,0.8931451612903226
archived,A,moderate,RST,314,448,484,0.9256198347107438
archived,A,moderate,RST,1618,448,494,0.9068825910931174
archived,A,moderate,RST,2026,431,484,0.890495867768595
archived,A,moderate,RST,2718,445,497,0.8953722334004024
archived,A,moderate,MI-C,42,423,496,0.8528225806451613
archived,A,moderate,MI-C,314,426,484,0.8801652892561983
archived,A,moderate,MI-C,1618,420,494,0.8502024291497976
archived,A,moderate,MI-C,2026,404,484,0.8347107438016529
archived,A,moderate,MI-C,2718,420,497,0.8450704225352113
archived,A,moderate,MI-M,42,425,496,0.8568548387096774
archived,A,moderate,MI-M,314,430,484,0.8884297520661157
archived,A,moderate,MI-M,1618,426,494,0.8623481781376519
archived,A,moderate,MI-M,2026,419,484,0.8657024793388429
archived,A,moderate,MI-M,2718,433,497,0.8712273641851107
archived,A,moderate,MI-MD,42,425,496,0.8568548387096774
archived,A,moderate,MI-MD,314,430,484,0.8884297520661157
archived,A,moderate,MI-MD,1618,426,494,0.8623481781376519
archived,A,moderate,MI-MD,2026,419,484,0.8657024793388429
archived,A,moderate,MI-MD,2718,433,497,0.8712273641851107
archived,A,moderate,MI-MDA,42,443,496,0.8931451612903226
archived,A,moderate,MI-MDA,314,448,484,0.9256198347107438
archived,A,moderate,MI-MDA,1618,448,494,0.9068825910931174
archived,A,moderate,MI-MDA,2026,431,484,0.890495867768595
archived,A,moderate,MI-MDA,2718,445,497,0.8953722334004024
archived,A,severe,FST-original,42,205,295,0.6949152542372882
archived,A,severe,FST-original,314,213,299,0.7123745819397993
archived,A,severe,FST-original,1618,196,286,0.6853146853146853
archived,A,severe,FST-original,2026,195,287,0.6794425087108014
archived,A,severe,FST-original,2718,185,278,0.6654676258992805
archived,A,severe,MI-FST,42,245,295,0.8305084745762712
archived,A,severe,MI-FST,314,247,299,0.8260869565217391
archived,A,severe,MI-FST,1618,236,286,0.8251748251748252
archived,A,severe,MI-FST,2026,234,287,0.8153310104529616
archived,A,severe,MI-FST,2718,226,278,0.8129496402877698
archived,A,severe,RST,42,258,295,0.8745762711864407
archived,A,severe,RST,314,275,299,0.919732441471572
archived,A,severe,RST,1618,257,286,0.8986013986013986
archived,A,severe,RST,2026,251,287,0.8745644599303136
archived,A,severe,RST,2718,243,278,0.8741007194244604
archived,A,severe,MI-C,42,245,295,0.8305084745762712
archived,A,severe,MI-C,314,247,299,0.8260869565217391
archived,A,severe,MI-C,1618,236,286,0.8251748251748252
archived,A,severe,MI-C,2026,234,287,0.8153310104529616
archived,A,severe,MI-C,2718,226,278,0.8129496402877698
archived,A,severe,MI-M,42,257,295,0.8711864406779661
archived,A,severe,MI-M,314,265,299,0.8862876254180602
archived,A,severe,MI-M,1618,249,286,0.8706293706293706
archived,A,severe,MI-M,2026,252,287,0.8780487804878049
archived,A,severe,MI-M,2718,245,278,0.8812949640287769
archived,A,severe,MI-MD,42,248,295,0.8406779661016949
archived,A,severe,MI-MD,314,261,299,0.8729096989966555
archived,A,severe,MI-MD,1618,244,286,0.8531468531468531
archived,A,severe,MI-MD,2026,244,287,0.8501742160278746
archived,A,severe,MI-MD,2718,235,278,0.8453237410071942
archived,A,severe,MI-MDA,42,258,295,0.8745762711864407
archived,A,severe,MI-MDA,314,275,299,0.919732441471572
archived,A,severe,MI-MDA,1618,257,286,0.8986013986013986
archived,A,severe,MI-MDA,2026,251,287,0.8745644599303136
archived,A,severe,MI-MDA,2718,243,278,0.8741007194244604
validation,A,moderate,FST-original,7001,403,503,0.8011928429423459
validation,A,moderate,FST-original,7002,407,496,0.8205645161290323
validation,A,moderate,FST-original,7003,405,508,0.797244094488189
validation,A,moderate,FST-original,7004,393,489,0.803680981595092
validation,A,moderate,FST-original,7005,392,487,0.8049281314168378
validation,A,moderate,MI-FST,7001,433,503,0.8608349900596421
validation,A,moderate,MI-FST,7002,423,496,0.8528225806451613
validation,A,moderate,MI-FST,7003,439,508,0.8641732283464567
validation,A,moderate,MI-FST,7004,416,489,0.8507157464212679
validation,A,moderate,MI-FST,7005,403,487,0.8275154004106776
validation,A,moderate,RST,7001,455,503,0.904572564612326
validation,A,moderate,RST,7002,450,496,0.907258064516129
validation,A,moderate,RST,7003,458,508,0.9015748031496063
validation,A,moderate,RST,7004,440,489,0.8997955010224948
validation,A,moderate,RST,7005,434,487,0.891170431211499
validation,A,moderate,MI-C,7001,433,503,0.8608349900596421
validation,A,moderate,MI-C,7002,423,496,0.8528225806451613
validation,A,moderate,MI-C,7003,439,508,0.8641732283464567
validation,A,moderate,MI-C,7004,416,489,0.8507157464212679
validation,A,moderate,MI-C,7005,403,487,0.8275154004106776
validation,A,moderate,MI-M,7001,441,503,0.8767395626242545
validation,A,moderate,MI-M,7002,433,496,0.8729838709677419
validation,A,moderate,MI-M,7003,444,508,0.8740157480314961
validation,A,moderate,MI-M,7004,425,489,0.869120654396728
validation,A,moderate,MI-M,7005,413,487,0.8480492813141683
validation,A,moderate,MI-MD,7001,441,503,0.8767395626242545
validation,A,moderate,MI-MD,7002,433,496,0.8729838709677419
validation,A,moderate,MI-MD,7003,444,508,0.8740157480314961
validation,A,moderate,MI-MD,7004,425,489,0.869120654396728
validation,A,moderate,MI-MD,7005,413,487,0.8480492813141683
validation,A,moderate,MI-MDA,7001,455,503,0.904572564612326
validation,A,moderate,MI-MDA,7002,450,496,0.907258064516129
validation,A,moderate,MI-MDA,7003,458,508,0.9015748031496063
validation,A,moderate,MI-MDA,7004,440,489,0.8997955010224948
validation,A,moderate,MI-MDA,7005,434,487,0.891170431211499
validation,A,severe,FST-original,7001,175,289,0.6055363321799307
validation,A,severe,FST-original,7002,187,279,0.6702508960573477
validation,A,severe,FST-original,7003,214,290,0.7379310344827587
validation,A,severe,FST-original,7004,187,275,0.68
validation,A,severe,FST-original,7005,188,271,0.6937269372693727
validation,A,severe,MI-FST,7001,216,289,0.7474048442906575
validation,A,severe,MI-FST,7002,216,279,0.7741935483870968
validation,A,severe,MI-FST,7003,250,290,0.8620689655172413
validation,A,severe,MI-FST,7004,231,275,0.84
validation,A,severe,MI-FST,7005,214,271,0.7896678966789668
validation,A,severe,RST,7001,247,289,0.8546712802768166
validation,A,severe,RST,7002,245,279,0.8781362007168458
validation,A,severe,RST,7003,264,290,0.9103448275862069
validation,A,severe,RST,7004,243,275,0.8836363636363637
validation,A,severe,RST,7005,241,271,0.8892988929889298
validation,A,severe,MI-C,7001,216,289,0.7474048442906575
validation,A,severe,MI-C,7002,216,279,0.7741935483870968
validation,A,severe,MI-C,7003,250,290,0.8620689655172413
validation,A,severe,MI-C,7004,231,275,0.84
validation,A,severe,MI-C,7005,214,271,0.7896678966789668
validation,A,severe,MI-M,7001,241,289,0.8339100346020761
validation,A,severe,MI-M,7002,236,279,0.8458781362007168
validation,A,severe,MI-M,7003,260,290,0.896551724137931
validation,A,severe,MI-M,7004,240,275,0.8727272727272727
validation,A,severe,MI-M,7005,236,271,0.8708487084870848
validation,A,severe,MI-MD,7001,236,289,0.8166089965397924
validation,A,severe,MI-MD,7002,233,279,0.8351254480286738
validation,A,severe,MI-MD,7003,255,290,0.8793103448275862
validation,A,severe,MI-MD,7004,235,275,0.8545454545454545
validation,A,severe,MI-MD,7005,230,271,0.8487084870848709
validation,A,severe,MI-MDA,7001,247,289,0.8546712802768166
validation,A,severe,MI-MDA,7002,245,279,0.8781362007168458
validation,A,severe,MI-MDA,7003,264,290,0.9103448275862069
validation,A,severe,MI-MDA,7004,243,275,0.8836363636363637
validation,A,severe,MI-MDA,7005,241,271,0.8892988929889298
archived,B,moderate,FST-original,42,316,443,0.7133182844243793
archived,B,moderate,FST-original,314,341,420,0.8119047619047619
archived,B,moderate,FST-original,1618,323,432,0.7476851851851852
archived,B,moderate,FST-original,2026,301,420,0.7166666666666667
archived,B,moderate,FST-original,2718,311,418,0.7440191387559809
archived,B,moderate,MI-FST,42,372,443,0.8397291196388262
archived,B,moderate,MI-FST,314,374,420,0.8904761904761904
archived,B,moderate,MI-FST,1618,369,432,0.8541666666666666
archived,B,moderate,MI-FST,2026,344,420,0.819047619047619
archived,B,moderate,MI-FST,2718,359,418,0.8588516746411483
archived,B,moderate,RST,42,396,443,0.8939051918735892
archived,B,moderate,RST,314,399,420,0.95
archived,B,moderate,RST,1618,396,432,0.9166666666666666
archived,B,moderate,RST,2026,370,420,0.8809523809523809
archived,B,moderate,RST,2718,381,418,0.9114832535885168
archived,B,moderate,MI-C,42,372,443,0.8397291196388262
archived,B,moderate,MI-C,314,374,420,0.8904761904761904
archived,B,moderate,MI-C,1618,369,432,0.8541666666666666
archived,B,moderate,MI-C,2026,344,420,0.819047619047619
archived,B,moderate,MI-C,2718,359,418,0.8588516746411483
archived,B,moderate,MI-M,42,376,443,0.8487584650112867
archived,B,moderate,MI-M,314,376,420,0.8952380952380953
archived,B,moderate,MI-M,1618,373,432,0.8634259259259259
archived,B,moderate,MI-M,2026,352,420,0.8380952380952381
archived,B,moderate,MI-M,2718,364,418,0.8708133971291866
archived,B,moderate,MI-MD,42,376,443,0.8487584650112867
archived,B,moderate,MI-MD,314,376,420,0.8952380952380953
archived,B,moderate,MI-MD,1618,373,432,0.8634259259259259
archived,B,moderate,MI-MD,2026,352,420,0.8380952380952381
archived,B,moderate,MI-MD,2718,364,418,0.8708133971291866
archived,B,moderate,MI-MDA,42,393,443,0.8871331828442438
archived,B,moderate,MI-MDA,314,397,420,0.9452380952380952
archived,B,moderate,MI-MDA,1618,395,432,0.9143518518518519
archived,B,moderate,MI-MDA,2026,366,420,0.8714285714285714
archived,B,moderate,MI-MDA,2718,378,418,0.9043062200956937
archived,B,severe,FST-original,42,114,190,0.6
archived,B,severe,FST-original,314,123,203,0.6059113300492611
archived,B,severe,FST-original,1618,106,186,0.5698924731182796
archived,B,severe,FST-original,2026,124,207,0.5990338164251208
archived,B,severe,FST-original,2718,110,175,0.6285714285714286
archived,B,severe,MI-FST,42,157,190,0.8263157894736842
archived,B,severe,MI-FST,314,169,203,0.8325123152709359
archived,B,severe,MI-FST,1618,152,186,0.8172043010752689
archived,B,severe,MI-FST,2026,174,207,0.8405797101449275
archived,B,severe,MI-FST,2718,143,175,0.8171428571428572
archived,B,severe,RST,42,163,190,0.8578947368421053
archived,B,severe,RST,314,181,203,0.8916256157635468
archived,B,severe,RST,1618,162,186,0.8709677419354839
archived,B,severe,RST,2026,181,207,0.8743961352657005
archived,B,severe,RST,2718,146,175,0.8342857142857143
archived,B,severe,MI-C,42,157,190,0.8263157894736842
archived,B,severe,MI-C,314,169,203,0.8325123152709359
archived,B,severe,MI-C,1618,152,186,0.8172043010752689
archived,B,severe,MI-C,2026,174,207,0.8405797101449275
archived,B,severe,MI-C,2718,143,175,0.8171428571428572
archived,B,severe,MI-M,42,143,190,0.7526315789473684
archived,B,severe,MI-M,314,155,203,0.7635467980295566
archived,B,severe,MI-M,1618,140,186,0.7526881720430108
archived,B,severe,MI-M,2026,159,207,0.7681159420289855
archived,B,severe,MI-M,2718,133,175,0.76
archived,B,severe,MI-MD,42,143,190,0.7526315789473684
archived,B,severe,MI-MD,314,155,203,0.7635467980295566
archived,B,severe,MI-MD,1618,140,186,0.7526881720430108
archived,B,severe,MI-MD,2026,159,207,0.7681159420289855
archived,B,severe,MI-MD,2718,133,175,0.76
archived,B,severe,MI-MDA,42,153,190,0.8052631578947368
archived,B,severe,MI-MDA,314,170,203,0.8374384236453202
archived,B,severe,MI-MDA,1618,155,186,0.8333333333333334
archived,B,severe,MI-MDA,2026,168,207,0.8115942028985508
archived,B,severe,MI-MDA,2718,144,175,0.8228571428571428
validation,B,moderate,FST-original,7001,343,440,0.7795454545454545
validation,B,moderate,FST-original,7002,334,430,0.7767441860465116
validation,B,moderate,FST-original,7003,332,447,0.7427293064876958
validation,B,moderate,FST-original,7004,313,426,0.7347417840375586
validation,B,moderate,FST-original,7005,327,428,0.764018691588785
validation,B,moderate,MI-FST,7001,378,440,0.8590909090909091
validation,B,moderate,MI-FST,7002,362,430,0.8418604651162791
validation,B,moderate,MI-FST,7003,386,447,0.8635346756152126
validation,B,moderate,MI-FST,7004,365,426,0.8568075117370892
validation,B,moderate,MI-FST,7005,355,428,0.8294392523364486
validation,B,moderate,RST,7001,404,440,0.9181818181818182
validation,B,moderate,RST,7002,390,430,0.9069767441860465
validation,B,moderate,RST,7003,404,447,0.9038031319910514
validation,B,moderate,RST,7004,389,426,0.9131455399061033
validation,B,moderate,RST,7005,388,428,0.9065420560747663
validation,B,moderate,MI-C,7001,378,440,0.8590909090909091
validation,B,moderate,MI-C,7002,362,430,0.8418604651162791
validation,B,moderate,MI-C,7003,386,447,0.8635346756152126
validation,B,moderate,MI-C,7004,365,426,0.8568075117370892
validation,B,moderate,MI-C,7005,355,428,0.8294392523364486
validation,B,moderate,MI-M,7001,383,440,0.8704545454545455
validation,B,moderate,MI-M,7002,366,430,0.8511627906976744
validation,B,moderate,MI-M,7003,386,447,0.8635346756152126
validation,B,moderate,MI-M,7004,369,426,0.8661971830985915
validation,B,moderate,MI-M,7005,357,428,0.8341121495327103
validation,B,moderate,MI-MD,7001,383,440,0.8704545454545455
validation,B,moderate,MI-MD,7002,366,430,0.8511627906976744
validation,B,moderate,MI-MD,7003,386,447,0.8635346756152126
validation,B,moderate,MI-MD,7004,369,426,0.8661971830985915
validation,B,moderate,MI-MD,7005,357,428,0.8341121495327103
validation,B,moderate,MI-MDA,7001,401,440,0.9113636363636364
validation,B,moderate,MI-MDA,7002,385,430,0.8953488372093024
validation,B,moderate,MI-MDA,7003,403,447,0.901565995525727
validation,B,moderate,MI-MDA,7004,387,426,0.9084507042253521
validation,B,moderate,MI-MDA,7005,381,428,0.8901869158878505
validation,B,severe,FST-original,7001,114,200,0.57
validation,B,severe,FST-original,7002,113,190,0.5947368421052631
validation,B,severe,FST-original,7003,116,194,0.5979381443298969
validation,B,severe,FST-original,7004,96,171,0.5614035087719298
validation,B,severe,FST-original,7005,106,176,0.6022727272727273
validation,B,severe,MI-FST,7001,159,200,0.795
validation,B,severe,MI-FST,7002,148,190,0.7789473684210526
validation,B,severe,MI-FST,7003,158,194,0.8144329896907216
validation,B,severe,MI-FST,7004,133,171,0.7777777777777778
validation,B,severe,MI-FST,7005,144,176,0.8181818181818182
validation,B,severe,RST,7001,165,200,0.825
validation,B,severe,RST,7002,157,190,0.8263157894736842
validation,B,severe,RST,7003,166,194,0.8556701030927835
validation,B,severe,RST,7004,136,171,0.7953216374269005
validation,B,severe,RST,7005,150,176,0.8522727272727273
validation,B,severe,MI-C,7001,159,200,0.795
validation,B,severe,MI-C,7002,148,190,0.7789473684210526
validation,B,severe,MI-C,7003,158,194,0.8144329896907216
validation,B,severe,MI-C,7004,133,171,0.7777777777777778
validation,B,severe,MI-C,7005,144,176,0.8181818181818182
validation,B,severe,MI-M,7001,150,200,0.75
validation,B,severe,MI-M,7002,134,190,0.7052631578947368
validation,B,severe,MI-M,7003,145,194,0.7474226804123711
validation,B,severe,MI-M,7004,125,171,0.7309941520467836
validation,B,severe,MI-M,7005,131,176,0.7443181818181818
validation,B,severe,MI-MD,7001,150,200,0.75
validation,B,severe,MI-MD,7002,134,190,0.7052631578947368
validation,B,severe,MI-MD,7003,145,194,0.7474226804123711
validation,B,severe,MI-MD,7004,125,171,0.7309941520467836
validation,B,severe,MI-MD,7005,131,176,0.7443181818181818
validation,B,severe,MI-MDA,7001,161,200,0.805
validation,B,severe,MI-MDA,7002,147,190,0.7736842105263158
validation,B,severe,MI-MDA,7003,155,194,0.7989690721649485
validation,B,severe,MI-MDA,7004,133,171,0.7777777777777778
validation,B,severe,MI-MDA,7005,142,176,0.8068181818181818
