method,alpha,duration,candidate_count,threshold_crossings,full_signatures,full_signature_count
FST-original,0.9,1,50,37,Compounding moderate disturbance | Concentrated dependency | Concentrated dependency; Hidden convergent dependency; Propagation-amplified cascade,3
FST-original,0.9,2,50,33,Compounding moderate disturbance | Concentrated dependency | Concentrated dependency; Hidden convergent dependency | Concentrated dependency; Hidden convergent dependency; Propagation-amplified cascade,4
FST-original,0.9,3,50,13,Concentrated dependency | Concentrated dependency; Hidden convergent dependency | Concentrated dependency; Hidden convergent dependency; Propagation-amplified cascade,3
FST-original,0.9,4,50,11,Concentrated dependency | Concentrated dependency; Hidden convergent dependency; Propagation-amplified cascade | Hidden convergent dependency; Compounding moderate disturbance,3
FST-original,0.85,1,50,26,Concentrated dependency | Concentrated dependency; Hidden convergent dependency; Propagation-amplified cascade,2
FST-original,0.85,2,50,22,Concentrated dependency | Concentrated dependency; Hidden convergent dependency | Concentrated dependency; Hidden convergent dependency; Propagation-amplified cascade,3
FST-original,0.85,3,50,11,Concentrated dependency | Concentrated dependency; Hidden convergent dependency | Concentrated dependency; Hidden convergent dependency; Propagation-amplified cascade,3
FST-original,0.85,4,50,10,Concentrated dependency | Concentrated dependency; Hidden convergent dependency; Propagation-amplified cascade | Hidden convergent dependency; Compounding moderate disturbance,3
FST-original,0.8,1,50,16,Compounding moderate disturbance | Concentrated dependency | Concentrated dependency; Hidden convergent dependency; Propagation-amplified cascade,3
FST-original,0.8,2,50,11,Compounding moderate disturbance | Concentrated dependency | Concentrated dependency; Hidden convergent dependency; Propagation-amplified cascade,3
FST-original,0.8,3,50,11,Compounding moderate disturbance | Concentrated dependency | Concentrated dependency; Hidden convergent dependency; Propagation-amplified cascade | Hidden convergent dependency; Compounding moderate disturbance; Propagation-amplified cascade,4
FST-original,0.8,4,50,10,Compounding moderate disturbance | Concentrated dependency | Concentrated dependency; Hidden convergent dependency; Propagation-amplified cascade | Hidden convergent dependency; Compounding moderate disturbance; Propagation-amplified cascade,4
MI-FST,0.9,1,50,47,Concentrated dependency | Concentrated dependency; Hidden convergent dependency; Propagation-amplified cascade | Concentrated dependency; Hidden convergent dependency; Propagation-amplified cascade; Recovery lag and temporal overlap | Concentrated dependency; Propagation-amplified cascade,4
MI-FST,0.9,2,50,46,Concentrated dependency | Concentrated dependency; Hidden convergent dependency | Concentrated dependency; Hidden convergent dependency; Propagation-amplified cascade | Concentrated dependency; Hidden convergent dependency; Propagation-amplified cascade; Recovery lag and temporal overlap | Concentrated dependency; Propagation-amplified cascade,5
MI-FST,0.9,3,50,39,Concentrated dependency | Concentrated dependency; Hidden convergent dependency | Concentrated dependency; Hidden convergent dependency; Propagation-amplified cascade | Concentrated dependency; Hidden convergent dependency; Propagation-amplified cascade; Recovery lag and temporal overlap | Concentrated dependency; Propagation-amplified cascade | Concentrated dependency; Propagation-amplified cascade; Recovery lag and temporal overlap,6
MI-FST,0.9,4,50,37,Concentrated dependency | Concentrated dependency; Hidden convergent dependency | Concentrated dependency; Hidden convergent dependency; Propagation-amplified cascade | Concentrated dependency; Propagation-amplified cascade | Concentrated dependency; Propagation-amplified cascade; Recovery lag and temporal overlap,5
MI-FST,0.85,1,50,43,Concentrated dependency | Concentrated dependency; Hidden convergent dependency; Propagation-amplified cascade | Concentrated dependency; Hidden convergent dependency; Propagation-amplified cascade; Recovery lag and temporal overlap | Concentrated dependency; Propagation-amplified cascade,4
MI-FST,0.85,2,50,42,Concentrated dependency | Concentrated dependency; Hidden convergent dependency | Concentrated dependency; Hidden convergent dependency; Propagation-amplified cascade | Concentrated dependency; Hidden convergent dependency; Propagation-amplified cascade; Recovery lag and temporal overlap | Concentrated dependency; Propagation-amplified cascade | Concentrated dependency; Propagation-amplified cascade; Recovery lag and temporal overlap,6
MI-FST,0.85,3,50,35,Concentrated dependency | Concentrated dependency; Hidden convergent dependency | Concentrated dependency; Hidden convergent dependency; Propagation-amplified cascade | Concentrated dependency; Hidden convergent dependency; Propagation-amplified cascade; Recovery lag and temporal overlap | Concentrated dependency; Propagation-amplified cascade | Concentrated dependency; Propagation-amplified cascade; Recovery lag and temporal overlap,6
MI-FST,0.85,4,50,30,Concentrated dependency | Concentrated dependency; Hidden convergent dependency | Concentrated dependency; Hidden convergent dependency; Propagation-amplified cascade | Concentrated dependency; Propagation-amplified cascade,4
MI-FST,0.8,1,50,40,Concentrated dependency | Concentrated dependency; Hidden convergent dependency; Propagation-amplified cascade | Concentrated dependency; Hidden convergent dependency; Propagation-amplified cascade; Recovery lag and temporal overlap | Concentrated dependency; Propagation-amplified cascade,4
MI-FST,0.8,2,50,35,Concentrated dependency | Concentrated dependency; Hidden convergent dependency; Propagation-amplified cascade | Concentrated dependency; Hidden convergent dependency; Propagation-amplified cascade; Recovery lag and temporal overlap | Concentrated dependency; Propagation-amplified cascade | Concentrated dependency; Propagation-amplified cascade; Recovery lag and temporal overlap,5
MI-FST,0.8,3,50,35,Concentrated dependency | Concentrated dependency; Hidden convergent dependency | Concentrated dependency; Hidden convergent dependency; Propagation-amplified cascade | Concentrated dependency; Hidden convergent dependency; Propagation-amplified cascade; Recovery lag and temporal overlap | Concentrated dependency; Propagation-amplified cascade | Concentrated dependency; Propagation-amplified cascade; Recovery lag and temporal overlap,6
MI-FST,0.8,4,50,29,Concentrated dependency | Concentrated dependency; Hidden convergent dependency | Concentrated dependency; Hidden convergent dependency; Propagation-amplified cascade | Concentrated dependency; Propagation-amplified cascade | Hidden convergent dependency; Compounding moderate disturbance | Hidden convergent dependency; Compounding moderate disturbance; Propagation-amplified cascade,6
RST,0.9,1,50,48,Concentrated dependency | Concentrated dependency; Hidden convergent dependency; Propagation-amplified cascade | Concentrated dependency; Hidden convergent dependency; Propagation-amplified cascade; Recovery lag and temporal overlap | Concentrated dependency; Propagation-amplified cascade,4
RST,0.9,2,50,48,Compounding moderate disturbance | Concentrated dependency | Concentrated dependency; Hidden convergent dependency | Concentrated dependency; Hidden convergent dependency; Propagation-amplified cascade | Concentrated dependency; Hidden convergent dependency; Propagation-amplified cascade; Recovery lag and temporal overlap | Concentrated dependency; Propagation-amplified cascade | Hidden convergent dependency; Compounding moderate disturbance,7
RST,0.9,3,50,44,Compounding moderate disturbance | Concentrated dependency | Concentrated dependency; Hidden convergent dependency | Concentrated dependency; Hidden convergent dependency; Propagation-amplified cascade | Concentrated dependency; Hidden convergent dependency; Propagation-amplified cascade; Recovery lag and temporal overlap | Concentrated dependency; Propagation-amplified cascade | Concentrated dependency; Propagation-amplified cascade; Recovery lag and temporal overlap | Hidden convergent dependency; Compounding moderate disturbance,8
RST,0.9,4,50,38,Compounding moderate disturbance | Concentrated dependency | Concentrated dependency; Hidden convergent dependency | Concentrated dependency; Hidden convergent dependency; Propagation-amplified cascade | Concentrated dependency; Propagation-amplified cascade | Concentrated dependency; Propagation-amplified cascade; Recovery lag and temporal overlap | Hidden convergent dependency; Compounding moderate disturbance,7
RST,0.85,1,50,42,Concentrated dependency | Concentrated dependency; Hidden convergent dependency; Propagation-amplified cascade | Concentrated dependency; Hidden convergent dependency; Propagation-amplified cascade; Recovery lag and temporal overlap | Concentrated dependency; Propagation-amplified cascade | Hidden convergent dependency; Compounding moderate disturbance; Propagation-amplified cascade,5
RST,0.85,2,50,42,Compounding moderate disturbance | Concentrated dependency | Concentrated dependency; Hidden convergent dependency | Concentrated dependency; Hidden convergent dependency; Propagation-amplified cascade | Concentrated dependency; Hidden convergent dependency; Propagation-amplified cascade; Recovery lag and temporal overlap | Concentrated dependency; Propagation-amplified cascade | Concentrated dependency; Propagation-amplified cascade; Recovery lag and temporal overlap | Hidden convergent dependency; Compounding moderate disturbance | Hidden convergent dependency; Compounding moderate disturbance; Propagation-amplified cascade,9
RST,0.85,3,50,39,Compounding moderate disturbance | Concentrated dependency | Concentrated dependency; Hidden convergent dependency; Propagation-amplified cascade | Concentrated dependency; Hidden convergent dependency; Propagation-amplified cascade; Recovery lag and temporal overlap | Concentrated dependency; Propagation-amplified cascade | Concentrated dependency; Propagation-amplified cascade; Recovery lag and temporal overlap | Hidden convergent dependency; Compounding moderate disturbance | Hidden convergent dependency; Compounding moderate disturbance; Propagation-amplified cascade,8
RST,0.85,4,50,34,Compounding moderate disturbance | Concentrated dependency | Concentrated dependency; Hidden convergent dependency; Propagation-amplified cascade | Concentrated dependency; Propagation-amplified cascade | Hidden convergent dependency; Compounding moderate disturbance | Hidden convergent dependency; Compounding moderate disturbance; Propagation-amplified cascade,6
RST,0.8,1,50,40,Compounding moderate disturbance | Concentrated dependency | Concentrated dependency; Hidden convergent dependency; Propagation-amplified cascade | Concentrated dependency; Hidden convergent dependency; Propagation-amplified cascade; Recovery lag and temporal overlap | Concentrated dependency; Propagation-amplified cascade | Hidden convergent dependency; Compounding moderate disturbance; Propagation-amplified cascade,6
RST,0.8,2,50,38,Compounding moderate disturbance | Concentrated dependency | Concentrated dependency; Hidden convergent dependency; Propagation-amplified cascade | Concentrated dependency; Hidden convergent dependency; Propagation-amplified cascade; Recovery lag and temporal overlap | Concentrated dependency; Propagation-amplified cascade | Concentrated dependency; Propagation-amplified cascade; Recovery lag and temporal overlap | Hidden convergent dependency; Compounding moderate disturbance; Propagation-amplified cascade,7
RST,0.8,3,50,36,Compounding moderate disturbance | Concentrated dependency | Concentrated dependency; Hidden convergent dependency; Propagation-amplified cascade | Concentrated dependency; Hidden convergent dependency; Propagation-amplified cascade; Recovery lag and temporal overlap | Concentrated dependency; Propagation-amplified cascade | Concentrated dependency; Propagation-amplified cascade; Recovery lag and temporal overlap | Hidden convergent dependency; Compounding moderate disturbance; Propagation-amplified cascade,7
RST,0.8,4,50,28,Concentrated dependency | Concentrated dependency; Hidden convergent dependency; Propagation-amplified cascade | Concentrated dependency; Propagation-amplified cascade | Hidden convergent dependency; Compounding moderate disturbance; Propagation-amplified cascade,4
MI-C,0.9,1,50,47,Concentrated dependency | Concentrated dependency; Hidden convergent dependency; Propagation-amplified cascade | Concentrated dependency; Hidden convergent dependency; Propagation-amplified cascade; Recovery lag and temporal overlap | Concentrated dependency; Propagation-amplified cascade,4
MI-C,0.9,2,50,45,Concentrated dependency | Concentrated dependency; Hidden convergent dependency | Concentrated dependency; Hidden convergent dependency; Propagation-amplified cascade | Concentrated dependency; Hidden convergent dependency; Propagation-amplified cascade; Recovery lag and temporal overlap | Concentrated dependency; Propagation-amplified cascade,5
MI-C,0.9,3,50,39,Concentrated dependency | Concentrated dependency; Hidden convergent dependency | Concentrated dependency; Hidden convergent dependency; Propagation-amplified cascade | Concentrated dependency; Hidden convergent dependency; Propagation-amplified cascade; Recovery lag and temporal overlap | Concentrated dependency; Propagation-amplified cascade | Concentrated dependency; Propagation-amplified cascade; Recovery lag and temporal overlap,6
MI-C,0.9,4,50,37,Concentrated dependency | Concentrated dependency; Hidden convergent dependency | Concentrated dependency; Hidden convergent dependency; Propagation-amplified cascade | Concentrated dependency; Propagation-amplified cascade | Concentrated dependency; Propagation-amplified cascade; Recovery lag and temporal overlap,5
MI-C,0.85,1,50,42,Concentrated dependency | Concentrated dependency; Hidden convergent dependency; Propagation-amplified cascade | Concentrated dependency; Hidden convergent dependency; Propagation-amplified cascade; Recovery lag and temporal overlap | Concentrated dependency; Propagation-amplified cascade,4
MI-C,0.85,2,50,40,Concentrated dependency | Concentrated dependency; Hidden convergent dependency | Concentrated dependency; Hidden convergent dependency; Propagation-amplified cascade | Concentrated dependency; Hidden convergent dependency; Propagation-amplified cascade; Recovery lag and temporal overlap | Concentrated dependency; Propagation-amplified cascade | Concentrated dependency; Propagation-amplified cascade; Recovery lag and temporal overlap,6
MI-C,0.85,3,50,33,Concentrated dependency | Concentrated dependency; Hidden convergent dependency | Concentrated dependency; Hidden convergent dependency; Propagation-amplified cascade | Concentrated dependency; Hidden convergent dependency; Propagation-amplified cascade; Recovery lag and temporal overlap | Concentrated dependency; Propagation-amplified cascade | Concentrated dependency; Propagation-amplified cascade; Recovery lag and temporal overlap,6
MI-C,0.85,4,50,27,Concentrated dependency | Concentrated dependency; Hidden convergent dependency | Concentrated dependency; Hidden convergent dependency; Propagation-amplified cascade | Concentrated dependency; Propagation-amplified cascade,4
MI-C,0.8,1,50,38,Concentrated dependency | Concentrated dependency; Hidden convergent dependency; Propagation-amplified cascade | Concentrated dependency; Hidden convergent dependency; Propagation-amplified cascade; Recovery lag and temporal overlap | Concentrated dependency; Propagation-amplified cascade,4
MI-C,0.8,2,50,33,Concentrated dependency | Concentrated dependency; Hidden convergent dependency; Propagation-amplified cascade | Concentrated dependency; Hidden convergent dependency; Propagation-amplified cascade; Recovery lag and temporal overlap | Concentrated dependency; Propagation-amplified cascade | Concentrated dependency; Propagation-amplified cascade; Recovery lag and temporal overlap,5
MI-C,0.8,3,50,32,Concentrated dependency | Concentrated dependency; Hidden convergent dependency | Concentrated dependency; Hidden convergent dependency; Propagation-amplified cascade | Concentrated dependency; Hidden convergent dependency; Propagation-amplified cascade; Recovery lag and temporal overlap | Concentrated dependency; Propagation-amplified cascade | Concentrated dependency; Propagation-amplified cascade; Recovery lag and temporal overlap,6
MI-C,0.8,4,50,26,Concentrated dependency | Concentrated dependency; Hidden convergent dependency | Concentrated dependency; Hidden convergent dependency; Propagation-amplified cascade | Concentrated dependency; Propagation-amplified cascade | Hidden convergent dependency; Compounding moderate disturbance | Hidden convergent dependency; Compounding moderate disturbance; Propagation-amplified cascade,6
MI-M,0.9,1,50,44,Concentrated dependency | Concentrated dependency; Hidden convergent dependency; Propagation-amplified cascade | Concentrated dependency; Hidden convergent dependency; Propagation-amplified cascade; Recovery lag and temporal overlap | Concentrated dependency; Propagation-amplified cascade,4
MI-M,0.9,2,50,42,Concentrated dependency | Concentrated dependency; Hidden convergent dependency | Concentrated dependency; Hidden convergent dependency; Propagation-amplified cascade | Concentrated dependency; Hidden convergent dependency; Propagation-amplified cascade; Recovery lag and temporal overlap | Concentrated dependency; Propagation-amplified cascade | Hidden convergent dependency; Compounding moderate disturbance,6
MI-M,0.9,3,50,36,Concentrated dependency | Concentrated dependency; Hidden convergent dependency | Concentrated dependency; Hidden convergent dependency; Propagation-amplified cascade | Concentrated dependency; Hidden convergent dependency; Propagation-amplified cascade; Recovery lag and temporal overlap | Concentrated dependency; Propagation-amplified cascade | Concentrated dependency; Propagation-amplified cascade; Recovery lag and temporal overlap | Hidden convergent dependency; Compounding moderate disturbance,7
MI-M,0.9,4,50,34,Concentrated dependency | Concentrated dependency; Hidden convergent dependency | Concentrated dependency; Hidden convergent dependency; Propagation-amplified cascade | Concentrated dependency; Propagation-amplified cascade | Concentrated dependency; Propagation-amplified cascade; Recovery lag and temporal overlap | Hidden convergent dependency; Compounding moderate disturbance,6
MI-M,0.85,1,50,39,Concentrated dependency | Concentrated dependency; Hidden convergent dependency; Propagation-amplified cascade | Concentrated dependency; Hidden convergent dependency; Propagation-amplified cascade; Recovery lag and temporal overlap | Concentrated dependency; Propagation-amplified cascade,4
MI-M,0.85,2,50,34,Concentrated dependency | Concentrated dependency; Hidden convergent dependency | Concentrated dependency; Hidden convergent dependency; Propagation-amplified cascade | Concentrated dependency; Hidden convergent dependency; Propagation-amplified cascade; Recovery lag and temporal overlap | Concentrated dependency; Propagation-amplified cascade | Concentrated dependency; Propagation-amplified cascade; Recovery lag and temporal overlap | Hidden convergent dependency; Compounding moderate disturbance | Hidden convergent dependency; Compounding moderate disturbance; Propagation-amplified cascade,8
MI-M,0.85,3,50,30,Concentrated dependency | Concentrated dependency; Hidden convergent dependency | Concentrated dependency; Hidden convergent dependency; Propagation-amplified cascade | Concentrated dependency; Hidden convergent dependency; Propagation-amplified cascade; Recovery lag and temporal overlap | Concentrated dependency; Propagation-amplified cascade | Concentrated dependency; Propagation-amplified cascade; Recovery lag and temporal overlap | Hidden convergent dependency; Compounding moderate disturbance | Hidden convergent dependency; Compounding moderate disturbance; Propagation-amplified cascade,8
MI-M,0.85,4,50,24,Concentrated dependency | Concentrated dependency; Hidden convergent dependency; Propagation-amplified cascade | Concentrated dependency; Propagation-amplified cascade | Hidden convergent dependency; Compounding moderate disturbance | Hidden convergent dependency; Compounding moderate disturbance; Propagation-amplified cascade,5
MI-M,0.8,1,50,35,Concentrated dependency | Concentrated dependency; Hidden convergent dependency; Propagation-amplified cascade | Concentrated dependency; Hidden convergent dependency; Propagation-amplified cascade; Recovery lag and temporal overlap | Concentrated dependency; Propagation-amplified cascade | Hidden convergent dependency; Compounding moderate disturbance; Propagation-amplified cascade,5
MI-M,0.8,2,50,30,Concentrated dependency | Concentrated dependency; Hidden convergent dependency; Propagation-amplified cascade | Concentrated dependency; Hidden convergent dependency; Propagation-amplified cascade; Recovery lag and temporal overlap | Concentrated dependency; Propagation-amplified cascade | Concentrated dependency; Propagation-amplified cascade; Recovery lag and temporal overlap | Hidden convergent dependency; Compounding moderate disturbance; Propagation-amplified cascade,6
MI-M,0.8,3,50,27,Concentrated dependency | Concentrated dependency; Hidden convergent dependency; Propagation-amplified cascade | Concentrated dependency; Hidden convergent dependency; Propagation-amplified cascade; Recovery lag and temporal overlap | Concentrated dependency; Propagation-amplified cascade | Concentrated dependency; Propagation-amplified cascade; Recovery lag and temporal overlap | Hidden convergent dependency; Compounding moderate disturbance; Propagation-amplified cascade,6
MI-M,0.8,4,50,21,Concentrated dependency | Concentrated dependency; Hidden convergent dependency; Propagation-amplified cascade | Concentrated dependency; Propagation-amplified cascade | Hidden convergent dependency; Compounding moderate disturbance; Propagation-amplified cascade,4
MI-MD,0.9,1,50,43,Concentrated dependency | Concentrated dependency; Hidden convergent dependency; Propagation-amplified cascade | Concentrated dependency; Hidden convergent dependency; Propagation-amplified cascade; Recovery lag and temporal overlap | Concentrated dependency; Propagation-amplified cascade,4
MI-MD,0.9,2,50,42,Concentrated dependency | Concentrated dependency; Hidden convergent dependency | Concentrated dependency; Hidden convergent dependency; Propagation-amplified cascade | Concentrated dependency; Hidden convergent dependency; Propagation-amplified cascade; Recovery lag and temporal overlap | Concentrated dependency; Propagation-amplified cascade | Hidden convergent dependency; Compounding moderate disturbance,6
MI-MD,0.9,3,50,33,Concentrated dependency | Concentrated dependency; Hidden convergent dependency | Concentrated dependency; Hidden convergent dependency; Propagation-amplified cascade | Concentrated dependency; Hidden convergent dependency; Propagation-amplified cascade; Recovery lag and temporal overlap | Concentrated dependency; Propagation-amplified cascade | Concentrated dependency; Propagation-amplified cascade; Recovery lag and temporal overlap | Hidden convergent dependency; Compounding moderate disturbance,7
MI-MD,0.9,4,50,30,Concentrated dependency | Concentrated dependency; Hidden convergent dependency; Propagation-amplified cascade | Concentrated dependency; Propagation-amplified cascade | Concentrated dependency; Propagation-amplified cascade; Recovery lag and temporal overlap | Hidden convergent dependency; Compounding moderate disturbance,5
MI-MD,0.85,1,50,37,Concentrated dependency | Concentrated dependency; Hidden convergent dependency; Propagation-amplified cascade | Concentrated dependency; Hidden convergent dependency; Propagation-amplified cascade; Recovery lag and temporal overlap | Concentrated dependency; Propagation-amplified cascade | Hidden convergent dependency; Compounding moderate disturbance; Propagation-amplified cascade,5
MI-MD,0.85,2,50,34,Concentrated dependency | Concentrated dependency; Hidden convergent dependency | Concentrated dependency; Hidden convergent dependency; Propagation-amplified cascade | Concentrated dependency; Hidden convergent dependency; Propagation-amplified cascade; Recovery lag and temporal overlap | Concentrated dependency; Propagation-amplified cascade | Concentrated dependency; Propagation-amplified cascade; Recovery lag and temporal overlap | Hidden convergent dependency; Compounding moderate disturbance | Hidden convergent dependency; Compounding moderate disturbance; Propagation-amplified cascade,8
MI-MD,0.85,3,50,29,Concentrated dependency | Concentrated dependency; Hidden convergent dependency; Propagation-amplified cascade | Concentrated dependency; Hidden convergent dependency; Propagation-amplified cascade; Recovery lag and temporal overlap | Concentrated dependency; Propagation-amplified cascade | Concentrated dependency; Propagation-amplified cascade; Recovery lag and temporal overlap | Hidden convergent dependency; Compounding moderate disturbance | Hidden convergent dependency; Compounding moderate disturbance; Propagation-amplified cascade,7
MI-MD,0.85,4,50,24,Concentrated dependency | Concentrated dependency; Hidden convergent dependency; Propagation-amplified cascade | Concentrated dependency; Propagation-amplified cascade | Hidden convergent dependency; Compounding moderate disturbance | Hidden convergent dependency; Compounding moderate disturbance; Propagation-amplified cascade,5
MI-MD,0.8,1,50,33,Concentrated dependency | Concentrated dependency; Hidden convergent dependency; Propagation-amplified cascade | Concentrated dependency; Hidden convergent dependency; Propagation-amplified cascade; Recovery lag and temporal overlap | Concentrated dependency; Propagation-amplified cascade | Hidden convergent dependency; Compounding moderate disturbance; Propagation-amplified cascade,5
MI-MD,0.8,2,50,27,Concentrated dependency | Concentrated dependency; Hidden convergent dependency; Propagation-amplified cascade | Concentrated dependency; Hidden convergent dependency; Propagation-amplified cascade; Recovery lag and temporal overlap | Concentrated dependency; Propagation-amplified cascade | Concentrated dependency; Propagation-amplified cascade; Recovery lag and temporal overlap | Hidden convergent dependency; Compounding moderate disturbance; Propagation-amplified cascade,6
MI-MD,0.8,3,50,27,Concentrated dependency | Concentrated dependency; Hidden convergent dependency; Propagation-amplified cascade | Concentrated dependency; Hidden convergent dependency; Propagation-amplified cascade; Recovery lag and temporal overlap | Concentrated dependency; Propagation-amplified cascade | Concentrated dependency; Propagation-amplified cascade; Recovery lag and temporal overlap | Hidden convergent dependency; Compounding moderate disturbance; Propagation-amplified cascade,6
MI-MD,0.8,4,50,21,Concentrated dependency | Concentrated dependency; Hidden convergent dependency; Propagation-amplified cascade | Concentrated dependency; Propagation-amplified cascade | Hidden convergent dependency; Compounding moderate disturbance; Propagation-amplified cascade,4
MI-MDA,0.9,1,50,43,Concentrated dependency | Concentrated dependency; Hidden convergent dependency; Propagation-amplified cascade | Concentrated dependency; Hidden convergent dependency; Propagation-amplified cascade; Recovery lag and temporal overlap | Concentrated dependency; Propagation-amplified cascade,4
MI-MDA,0.9,2,50,42,Compounding moderate disturbance | Concentrated dependency | Concentrated dependency; Hidden convergent dependency | Concentrated dependency; Hidden convergent dependency; Propagation-amplified cascade | Concentrated dependency; Hidden convergent dependency; Propagation-amplified cascade; Recovery lag and temporal overlap | Concentrated dependency; Propagation-amplified cascade | Hidden convergent dependency; Compounding moderate disturbance,7
MI-MDA,0.9,3,50,33,Compounding moderate disturbance | Concentrated dependency | Concentrated dependency; Hidden convergent dependency | Concentrated dependency; Hidden convergent dependency; Propagation-amplified cascade | Concentrated dependency; Hidden convergent dependency; Propagation-amplified cascade; Recovery lag and temporal overlap | Concentrated dependency; Propagation-amplified cascade | Concentrated dependency; Propagation-amplified cascade; Recovery lag and temporal overlap | Hidden convergent dependency; Compounding moderate disturbance,8
MI-MDA,0.9,4,50,30,Compounding moderate disturbance | Concentrated dependency | Concentrated dependency; Hidden convergent dependency; Propagation-amplified cascade | Concentrated dependency; Propagation-amplified cascade | Concentrated dependency; Propagation-amplified cascade; Recovery lag and temporal overlap | Hidden convergent dependency; Compounding moderate disturbance,6
MI-MDA,0.85,1,50,36,Compounding moderate disturbance | Concentrated dependency | Concentrated dependency; Hidden convergent dependency; Propagation-amplified cascade | Concentrated dependency; Hidden convergent dependency; Propagation-amplified cascade; Recovery lag and temporal overlap | Concentrated dependency; Propagation-amplified cascade | Hidden convergent dependency; Compounding moderate disturbance; Propagation-amplified cascade,6
MI-MDA,0.85,2,50,33,Compounding moderate disturbance | Concentrated dependency | Concentrated dependency; Hidden convergent dependency | Concentrated dependency; Hidden convergent dependency; Propagation-amplified cascade | Concentrated dependency; Hidden convergent dependency; Propagation-amplified cascade; Recovery lag and temporal overlap | Concentrated dependency; Propagation-amplified cascade | Concentrated dependency; Propagation-amplified cascade; Recovery lag and temporal overlap | Hidden convergent dependency; Compounding moderate disturbance | Hidden convergent dependency; Compounding moderate disturbance; Propagation-amplified cascade,9
MI-MDA,0.85,3,50,28,Compounding moderate disturbance | Concentrated dependency | Concentrated dependency; Hidden convergent dependency; Propagation-amplified cascade | Concentrated dependency; Hidden convergent dependency; Propagation-amplified cascade; Recovery lag and temporal overlap | Concentrated dependency; Propagation-amplified cascade | Concentrated dependency; Propagation-amplified cascade; Recovery lag and temporal overlap | Hidden convergent dependency; Compounding moderate disturbance | Hidden convergent dependency; Compounding moderate disturbance; Propagation-amplified cascade,8
MI-MDA,0.85,4,50,23,Compounding moderate disturbance | Concentrated dependency | Concentrated dependency; Hidden convergent dependency; Propagation-amplified cascade | Concentrated dependency; Propagation-amplified cascade | Hidden convergent dependency; Compounding moderate disturbance | Hidden convergent dependency; Compounding moderate disturbance; Propagation-amplified cascade,6
MI-MDA,0.8,1,50,31,Compounding moderate disturbance | Concentrated dependency | Concentrated dependency; Hidden convergent dependency; Propagation-amplified cascade | Concentrated dependency; Hidden convergent dependency; Propagation-amplified cascade; Recovery lag and temporal overlap | Concentrated dependency; Propagation-amplified cascade | Hidden convergent dependency; Compounding moderate disturbance; Propagation-amplified cascade,6
MI-MDA,0.8,2,50,25,Compounding moderate disturbance | Concentrated dependency | Concentrated dependency; Hidden convergent dependency; Propagation-amplified cascade | Concentrated dependency; Hidden convergent dependency; Propagation-amplified cascade; Recovery lag and temporal overlap | Concentrated dependency; Propagation-amplified cascade | Concentrated dependency; Propagation-amplified cascade; Recovery lag and temporal overlap | Hidden convergent dependency; Compounding moderate disturbance; Propagation-amplified cascade,7
MI-MDA,0.8,3,50,25,Compounding moderate disturbance | Concentrated dependency | Concentrated dependency; Hidden convergent dependency; Propagation-amplified cascade | Concentrated dependency; Hidden convergent dependency; Propagation-amplified cascade; Recovery lag and temporal overlap | Concentrated dependency; Propagation-amplified cascade | Concentrated dependency; Propagation-amplified cascade; Recovery lag and temporal overlap | Hidden convergent dependency; Compounding moderate disturbance; Propagation-amplified cascade,7
MI-MDA,0.8,4,50,18,Compounding moderate disturbance | Concentrated dependency | Concentrated dependency; Hidden convergent dependency; Propagation-amplified cascade | Concentrated dependency; Propagation-amplified cascade | Hidden convergent dependency; Compounding moderate disturbance; Propagation-amplified cascade,5
