architecture,n,horizon,K,B,repetition,status,completed_candidates,failures,prefix_event_count,passive_seconds,active_seconds,attribution_seconds,end_to_end_seconds,requested_simulations,unique_simulations,cache_hits,max_memory_mb,memory_measurement,node_count,edge_count
shared,3,52,4,50,1,completed,50,50,200,0.5082398002268746,0.4944096999242902,1.343860000022687,2.490765900001861,600,253,347,897.59765625,Windows GetProcessMemoryInfo working set,6,5
shared,3,52,4,50,2,completed,50,50,200,0.470905700000003,0.488435999781359,1.324555299943313,2.4264456999953836,600,253,347,897.59765625,Windows GetProcessMemoryInfo working set,6,5
shared,3,52,4,50,3,completed,50,50,200,0.46083429973805323,0.461964399961289,1.2382293998962268,2.296482600038871,600,253,347,897.609375,Windows GetProcessMemoryInfo working set,6,5
shared,3,52,4,50,4,completed,50,50,200,0.45310619997326285,0.44144000008236617,1.2369354999391362,2.2641710999887437,600,253,347,897.609375,Windows GetProcessMemoryInfo working set,6,5
shared,3,52,4,50,5,completed,50,50,200,0.4539483999251388,0.45732430007774383,1.270601800235454,2.3146162999910302,600,253,347,897.609375,Windows GetProcessMemoryInfo working set,6,5
shared,9,52,4,50,1,completed,50,50,200,0.7681285999133252,0.7428350001573563,2.1754660000442527,3.826684599975124,600,253,347,879.62109375,Windows GetProcessMemoryInfo working set,12,11
shared,9,52,4,50,2,completed,50,50,200,0.7484414000064135,0.760708500049077,2.1812870998401195,3.8252301999600604,600,253,347,879.62109375,Windows GetProcessMemoryInfo working set,12,11
shared,9,52,4,50,3,completed,50,50,200,0.6943892001290806,0.6727732997387648,1.983585100097116,3.4752676999778487,600,253,347,879.62109375,Windows GetProcessMemoryInfo working set,12,11
shared,9,52,4,50,4,completed,50,50,200,0.675004499964416,0.6628651000792161,1.932530100340955,3.3975310000241734,600,253,347,879.6171875,Windows GetProcessMemoryInfo working set,12,11
shared,9,52,4,50,5,completed,50,50,200,0.6457720000180416,0.6700271998415701,1.9426314000738785,3.377809699974023,600,253,347,879.6171875,Windows GetProcessMemoryInfo working set,12,11
shared,30,52,1,50,1,completed,50,50,50,1.3799785999581218,1.4317675999482162,1.546116599929519,4.55703630001517,250,151,99,879.61328125,Windows GetProcessMemoryInfo working set,33,32
shared,30,52,1,50,2,completed,50,50,50,1.4858480002149008,1.4894112001056783,1.5280993999913335,4.629074900003616,250,151,99,879.61328125,Windows GetProcessMemoryInfo working set,33,32
shared,30,52,1,50,3,completed,50,50,50,1.4721282001701184,1.3999913995503448,1.5926355000701733,4.589585800014902,250,151,99,879.58984375,Windows GetProcessMemoryInfo working set,33,32
shared,30,52,1,50,4,completed,50,50,50,1.5071507996763103,1.4345028000534512,1.5377133000292815,4.604453599953558,250,151,99,879.58984375,Windows GetProcessMemoryInfo working set,33,32
shared,30,52,1,50,5,completed,50,50,50,1.468345700064674,1.4158004998462275,1.5869203999754973,4.602336100011598,250,151,99,879.5859375,Windows GetProcessMemoryInfo working set,33,32
shared,30,52,2,50,1,completed,50,50,100,1.463962800160516,1.489957900135778,3.143119200016372,6.223150200035889,350,201,149,879.5859375,Windows GetProcessMemoryInfo working set,33,32
shared,30,52,2,50,2,completed,50,50,100,1.5471582001191564,1.495697699894663,3.124993200355675,6.296929700009059,350,201,149,879.5859375,Windows GetProcessMemoryInfo working set,33,32
shared,30,52,2,50,3,completed,50,50,100,1.6342973001301289,1.610349899623543,3.4486745999893174,6.829501700005494,350,201,149,879.58203125,Windows GetProcessMemoryInfo working set,33,32
shared,30,52,2,50,4,completed,50,50,100,1.581754899933003,1.5421388001414016,3.2035727001493797,6.458453800005373,350,201,149,879.83984375,Windows GetProcessMemoryInfo working set,33,32
shared,30,52,2,50,5,completed,50,50,100,1.5057337999460287,1.5043929997482337,3.086757200071588,6.2255013000103645,350,201,149,879.83984375,Windows GetProcessMemoryInfo working set,33,32
shared,30,52,4,50,1,completed,50,50,200,1.6164756998769008,1.5926837999140844,4.8378627999918535,8.171921899949666,600,253,347,879.83984375,Windows GetProcessMemoryInfo working set,33,32
shared,30,52,4,50,2,completed,50,50,200,1.5721260998398066,1.5887101998669095,4.711038799898233,7.995043499977328,600,253,347,879.83984375,Windows GetProcessMemoryInfo working set,33,32
shared,30,52,4,50,3,completed,50,50,200,1.5182529999874532,1.4543865000014193,4.567412400036119,7.660938699962571,600,253,347,879.83984375,Windows GetProcessMemoryInfo working set,33,32
shared,30,52,4,50,4,completed,50,50,200,1.5918076998787,1.5575830999878235,4.70974990009563,7.984095699968748,600,253,347,879.83984375,Windows GetProcessMemoryInfo working set,33,32
shared,30,52,4,50,5,completed,50,50,200,1.5685677000437863,1.5218288998003118,4.675613899948075,7.887095500016585,600,253,347,879.83984375,Windows GetProcessMemoryInfo working set,33,32
shared,30,52,4,100,1,completed,100,100,400,3.1481557995430194,3.1148542998125777,9.293214600067586,15.815065999981016,1200,503,697,879.83984375,Windows GetProcessMemoryInfo working set,33,32
shared,30,52,4,100,2,completed,100,100,400,3.52114949998213,3.6448278999887407,10.545035100076348,17.9886594999698,1200,503,697,879.83984375,Windows GetProcessMemoryInfo working set,33,32
shared,30,52,4,100,3,completed,100,100,400,2.925625800038688,3.027979899488855,8.910044499963988,15.103249600040726,1200,503,697,879.83984375,Windows GetProcessMemoryInfo working set,33,32
shared,30,52,4,100,4,completed,100,100,400,2.9744974998175167,3.0342246002401225,9.208042400015984,15.464340500009712,1200,503,697,879.83984375,Windows GetProcessMemoryInfo working set,33,32
shared,30,52,4,100,5,completed,100,100,400,3.263249499956146,3.225745800533332,9.774594100075774,16.51636419998249,1200,503,697,879.921875,Windows GetProcessMemoryInfo working set,33,32
shared,30,52,4,200,1,completed,200,200,800,6.379907000227831,6.16082320001442,18.873008399328683,31.91974390001269,2400,1003,1397,879.95703125,Windows GetProcessMemoryInfo working set,33,32
shared,30,52,4,200,2,completed,200,200,800,6.1813263995572925,5.997582699928898,18.64329009957146,31.330723899998702,2400,1003,1397,879.95703125,Windows GetProcessMemoryInfo working set,33,32
shared,30,52,4,200,3,completed,200,200,800,6.10418580006808,6.347699200094212,18.63813490018947,31.58378939999966,2400,1003,1397,879.95703125,Windows GetProcessMemoryInfo working set,33,32
shared,30,52,4,200,4,completed,200,200,800,6.2632087003439665,6.2710486994474195,18.36801610008115,31.39074550004443,2400,1003,1397,879.95703125,Windows GetProcessMemoryInfo working set,33,32
shared,30,52,4,200,5,completed,200,200,800,5.819182600593194,6.042246700206306,18.317584300471935,30.66614839999238,2400,1003,1397,879.95703125,Windows GetProcessMemoryInfo working set,33,32
shared,30,52,4,500,1,completed,500,500,2000,15.136629000655375,15.119358400348574,45.29315270029474,76.79909489996498,6000,2503,3497,880.21484375,Windows GetProcessMemoryInfo working set,33,32
shared,30,52,4,500,2,completed,500,500,2000,15.313122298917733,15.112486900296062,45.36956670024665,77.03458249999676,6000,2503,3497,880.74609375,Windows GetProcessMemoryInfo working set,33,32
shared,30,52,4,500,3,completed,500,500,2000,15.52526179997949,15.515824400063138,46.38128430128563,78.690980400017,6000,2503,3497,880.74609375,Windows GetProcessMemoryInfo working set,33,32
shared,30,52,4,500,4,completed,500,500,2000,15.383242000010796,15.141928299563006,45.09229659935227,76.8824635000201,6000,2503,3497,880.72265625,Windows GetProcessMemoryInfo working set,33,32
shared,30,52,4,500,5,completed,500,500,2000,15.611301600176375,15.495231699780561,46.23134840000421,78.60816339997109,6000,2503,3497,880.72265625,Windows GetProcessMemoryInfo working set,33,32
shared,30,52,8,50,1,completed,50,50,400,1.6393338000634685,1.655728499928955,5.037828299740795,8.45734129997436,1400,253,1147,880.7265625,Windows GetProcessMemoryInfo working set,33,32
shared,30,52,8,50,2,completed,50,50,400,1.624960299988743,1.6912091996637173,4.904786099912599,8.342197099991608,1400,253,1147,880.7265625,Windows GetProcessMemoryInfo working set,33,32
shared,30,52,8,50,3,completed,50,50,400,1.6150029000709765,1.6384584998595528,5.016409599804319,8.394344600033946,1400,253,1147,880.7265625,Windows GetProcessMemoryInfo working set,33,32
shared,30,52,8,50,4,completed,50,50,400,1.6504261000081897,1.673964699555654,5.07597329991404,8.526001500023995,1400,253,1147,880.7265625,Windows GetProcessMemoryInfo working set,33,32
shared,30,52,8,50,5,completed,50,50,400,1.7433385000913404,1.7386070000356995,5.277062799839769,8.884883899998385,1400,253,1147,880.73046875,Windows GetProcessMemoryInfo working set,33,32
shared,30,52,16,50,1,completed,50,50,800,2.0171276001492515,1.9785199000616558,6.369020700163674,10.50177559995791,4200,253,3947,883.88671875,Windows GetProcessMemoryInfo working set,33,32
shared,30,52,16,50,2,completed,50,50,800,1.9886820998508483,1.9927928997785784,6.350840500090271,10.460021000006236,4200,253,3947,883.90234375,Windows GetProcessMemoryInfo working set,33,32
shared,30,52,16,50,3,completed,50,50,800,2.122407699993346,2.24848590005422,6.744508000323549,11.247188800014555,4200,253,3947,883.83984375,Windows GetProcessMemoryInfo working set,33,32
shared,30,52,16,50,4,completed,50,50,800,2.188221199787222,2.2301126997335814,6.808363300107885,11.360335200035479,4200,253,3947,883.87890625,Windows GetProcessMemoryInfo working set,33,32
shared,30,52,16,50,5,completed,50,50,800,2.104066600149963,2.065435400174465,6.511050899804104,10.818042700004298,4200,253,3947,883.8203125,Windows GetProcessMemoryInfo working set,33,32
shared,30,104,4,50,1,completed,50,50,200,3.006240400194656,3.1641046000877395,9.330538499925751,15.630052799999248,600,253,347,887.5234375,Windows GetProcessMemoryInfo working set,33,32
shared,30,104,4,50,2,completed,50,50,200,3.0119800998363644,2.9836611000355333,9.149205799854826,15.275567799981218,600,253,347,887.65234375,Windows GetProcessMemoryInfo working set,33,32
shared,30,104,4,50,3,completed,50,50,200,2.917377300269436,3.0644047002424486,8.867221900145523,14.980836600007024,600,253,347,886.69140625,Windows GetProcessMemoryInfo working set,33,32
shared,30,104,4,50,4,completed,50,50,200,2.956830399984028,2.8991274999571033,8.903106699930504,14.887409699964337,600,253,347,886.28515625,Windows GetProcessMemoryInfo working set,33,32
shared,30,104,4,50,5,completed,50,50,200,3.037970500299707,3.081640899996273,9.065692100208253,15.311220699979458,600,253,347,886.296875,Windows GetProcessMemoryInfo working set,33,32
shared,30,208,4,50,1,completed,50,50,200,5.856637700111605,5.819455900113098,18.01272050011903,29.81739620002918,600,253,347,896.015625,Windows GetProcessMemoryInfo working set,33,32
shared,30,208,4,50,2,completed,50,50,200,6.160268599924166,6.216564299946185,18.765613099967595,31.270787300018128,600,253,347,896.03125,Windows GetProcessMemoryInfo working set,33,32
shared,30,208,4,50,3,completed,50,50,200,5.926457699853927,5.738069000304677,18.126975700142793,29.920826699992176,600,253,347,895.95703125,Windows GetProcessMemoryInfo working set,33,32
shared,30,208,4,50,4,completed,50,50,200,6.1904102000407875,6.007005199906416,18.49175880011171,30.812338799994905,600,253,347,895.96875,Windows GetProcessMemoryInfo working set,33,32
shared,30,208,4,50,5,completed,50,50,200,5.882535100390669,5.88401029992383,17.938439499761444,29.825263200036716,600,253,347,896.04296875,Windows GetProcessMemoryInfo working set,33,32
shared,90,52,4,50,1,completed,50,50,200,3.9718019000720233,3.9315906000556424,12.37893830012763,20.41175020002993,600,253,347,879.203125,Windows GetProcessMemoryInfo working set,93,92
shared,90,52,4,50,2,completed,50,50,200,4.270993800018914,4.125918400124647,12.725039599987213,21.26003900001524,600,253,347,879.203125,Windows GetProcessMemoryInfo working set,93,92
shared,90,52,4,50,3,completed,50,50,200,4.147794599703047,4.041091300197877,12.634510700008832,20.949688900029287,600,253,347,879.203125,Windows GetProcessMemoryInfo working set,93,92
shared,90,52,4,50,4,completed,50,50,200,4.007054299931042,3.8177118999883533,12.181899299903307,20.136022599996068,600,253,347,879.203125,Windows GetProcessMemoryInfo working set,93,92
shared,90,52,4,50,5,completed,50,50,200,3.837960899923928,3.9906723999301903,12.060061099764425,20.013549999974202,600,253,347,879.203125,Windows GetProcessMemoryInfo working set,93,92
shared,300,52,4,50,1,completed,50,50,200,12.504042200103868,12.463713400065899,39.43084810016444,64.5312931999797,600,253,347,879.91796875,Windows GetProcessMemoryInfo working set,303,302
shared,300,52,4,50,2,completed,50,50,200,12.221308100037277,12.281454699812457,38.70738270023139,63.33198550000088,600,253,347,879.91796875,Windows GetProcessMemoryInfo working set,303,302
shared,300,52,4,50,3,completed,50,50,200,12.831392199848779,12.627781699877232,39.800855600100476,65.39374570001382,600,253,347,878.95703125,Windows GetProcessMemoryInfo working set,303,302
shared,300,52,4,50,4,completed,50,50,200,15.176233400125057,14.945047499786597,49.29676010023104,79.56758909998462,600,253,347,879.33203125,Windows GetProcessMemoryInfo working set,303,302
shared,300,52,4,50,5,completed,50,50,200,13.621714800072368,14.245230899949092,44.30056029994739,72.32849659997737,600,253,347,879.37109375,Windows GetProcessMemoryInfo working set,303,302
partitioned,3,52,4,50,1,completed,50,50,200,0.5066663999459706,0.49810159986373037,1.361375299980864,2.5315528999781236,600,253,347,879.375,Windows GetProcessMemoryInfo working set,6,5
partitioned,3,52,4,50,2,completed,50,50,200,0.517697699891869,0.5527797998511232,2.1272735001402907,3.4210482999915257,600,253,347,879.375,Windows GetProcessMemoryInfo working set,6,5
partitioned,3,52,4,50,3,completed,50,50,200,0.4741607999894768,0.47586919995956123,1.2690363998990506,2.367891999951098,600,253,347,879.375,Windows GetProcessMemoryInfo working set,6,5
partitioned,3,52,4,50,4,completed,50,50,200,0.46152870007790625,0.45859630015911534,1.2464768999489024,2.3129722999874502,600,253,347,879.375,Windows GetProcessMemoryInfo working set,6,5
partitioned,3,52,4,50,5,completed,50,50,200,0.5076749998843297,0.5127880997606553,1.3705293001257814,2.544797699956689,600,253,347,879.375,Windows GetProcessMemoryInfo working set,6,5
partitioned,9,52,4,50,1,completed,50,50,200,0.8073711997712962,0.8107518998440355,2.924772399943322,4.685001400008332,650,303,347,879.375,Windows GetProcessMemoryInfo working set,14,13
partitioned,9,52,4,50,2,completed,50,50,200,0.7307190999272279,0.7404912998317741,2.8007583998842165,4.3993668999755755,650,303,347,879.375,Windows GetProcessMemoryInfo working set,14,13
partitioned,9,52,4,50,3,completed,50,50,200,0.8158010999322869,0.8385401997365989,3.2063397998572327,5.002767500001937,650,303,347,879.38671875,Windows GetProcessMemoryInfo working set,14,13
partitioned,9,52,4,50,4,completed,50,50,200,0.8116717000375502,0.811520499875769,3.1413338998681866,4.905500199995004,650,303,347,879.38671875,Windows GetProcessMemoryInfo working set,14,13
partitioned,9,52,4,50,5,completed,50,50,200,0.9313666999223642,0.9014198001241311,3.4744890001020394,5.466771900013555,650,303,347,879.3984375,Windows GetProcessMemoryInfo working set,14,13
partitioned,30,52,1,50,1,completed,50,0,0,1.829832500021439,0.0,0.0,1.977789600030519,50,50,0,879.3984375,Windows GetProcessMemoryInfo working set,42,41
partitioned,30,52,1,50,2,completed,50,0,0,1.9306872998713516,0.0,0.0,2.081439500034321,50,50,0,879.3984375,Windows GetProcessMemoryInfo working set,42,41
partitioned,30,52,1,50,3,completed,50,0,0,1.9050310000311583,0.0,0.0,2.0431536000105552,50,50,0,879.3984375,Windows GetProcessMemoryInfo working set,42,41
partitioned,30,52,1,50,4,completed,50,0,0,1.7085787999094464,0.0,0.0,1.847026299976278,50,50,0,879.3984375,Windows GetProcessMemoryInfo working set,42,41
partitioned,30,52,1,50,5,completed,50,0,0,2.2343719998025335,0.0,0.0,2.53265750000719,50,50,0,879.3984375,Windows GetProcessMemoryInfo working set,42,41
partitioned,30,52,2,50,1,completed,50,50,100,1.9619964001467451,1.9618130999151617,3.9893340000417084,8.054089599987492,350,201,149,879.3984375,Windows GetProcessMemoryInfo working set,42,41
partitioned,30,52,2,50,2,completed,50,50,100,2.1221538999234326,2.1489200000069104,4.412987499788869,8.839370500005316,350,201,149,879.3984375,Windows GetProcessMemoryInfo working set,42,41
partitioned,30,52,2,50,3,completed,50,50,100,2.217505100183189,2.199794900021516,5.268681999994442,9.846240699989721,350,201,149,879.3984375,Windows GetProcessMemoryInfo working set,42,41
partitioned,30,52,2,50,4,completed,50,50,100,1.8989834999083541,1.85743350017583,3.950573400245048,7.855166400026064,350,201,149,879.3984375,Windows GetProcessMemoryInfo working set,42,41
partitioned,30,52,2,50,5,completed,50,50,100,1.8177056004060432,1.8219735002494417,3.72948100004578,7.522846799984109,350,201,149,879.3984375,Windows GetProcessMemoryInfo working set,42,41
partitioned,30,52,4,50,1,completed,50,50,200,2.1732948999269865,2.4717528997571208,8.841251499950886,13.646208100020885,650,303,347,879.40234375,Windows GetProcessMemoryInfo working set,42,41
partitioned,30,52,4,50,2,completed,50,50,200,2.8270706998882815,2.5887700001476333,11.057081800012384,16.676831699965987,650,303,347,879.40234375,Windows GetProcessMemoryInfo working set,42,41
partitioned,30,52,4,50,3,completed,50,50,200,2.5056154999765567,2.433833499730099,9.935508899914566,15.04920430004131,650,303,347,879.40234375,Windows GetProcessMemoryInfo working set,42,41
partitioned,30,52,4,50,4,completed,50,50,200,2.617809099785518,3.2982502001104876,9.901167500356678,15.993391299969517,650,303,347,879.40234375,Windows GetProcessMemoryInfo working set,42,41
partitioned,30,52,4,50,5,completed,50,50,200,2.5479744999902323,2.249906199926045,8.167945599881932,13.111046899983194,650,303,347,879.40234375,Windows GetProcessMemoryInfo working set,42,41
partitioned,30,52,4,100,1,completed,100,100,400,4.1581228999421,4.373355700110551,17.040154100046493,25.890523399983067,1300,603,697,879.40234375,Windows GetProcessMemoryInfo working set,42,41
partitioned,30,52,4,100,2,completed,100,100,400,3.9672667997074313,4.096238400088623,16.58011879993137,24.942854800028726,1300,603,697,879.40234375,Windows GetProcessMemoryInfo working set,42,41
partitioned,30,52,4,100,3,completed,100,100,400,3.8402889001881704,4.010329499957152,15.941565899760462,24.069532399997115,1300,603,697,879.40234375,Windows GetProcessMemoryInfo working set,42,41
partitioned,30,52,4,100,4,completed,100,100,400,4.426122000499163,4.4494528999202885,17.722135899646673,26.91394279996166,1300,603,697,879.40234375,Windows GetProcessMemoryInfo working set,42,41
partitioned,30,52,4,100,5,completed,100,100,400,4.6939917001873255,4.157087599916849,16.359894400229678,25.49633380002342,1300,603,697,879.40234375,Windows GetProcessMemoryInfo working set,42,41
partitioned,30,52,4,200,1,completed,200,200,800,8.187460299697705,8.292501100804657,32.77064820029773,49.8186978000449,2600,1203,1397,879.46484375,Windows GetProcessMemoryInfo working set,42,41
partitioned,30,52,4,200,2,completed,200,200,800,8.387471999973059,8.49878870084649,34.69645709992619,52.225364100013394,2600,1203,1397,879.46484375,Windows GetProcessMemoryInfo working set,42,41
partitioned,30,52,4,200,3,completed,200,200,800,9.737899600237142,10.07909440016374,39.861328099970706,60.36537029995816,2600,1203,1397,879.48046875,Windows GetProcessMemoryInfo working set,42,41
partitioned,30,52,4,200,4,completed,200,200,800,8.02820609981427,8.359820100304205,33.2428191001527,50.213492700015195,2600,1203,1397,879.48046875,Windows GetProcessMemoryInfo working set,42,41
partitioned,30,52,4,200,5,completed,200,200,800,8.38481859996682,8.163311199867167,32.0557444000151,49.197035799967125,2600,1203,1397,879.4765625,Windows GetProcessMemoryInfo working set,42,41
partitioned,30,52,4,500,1,timeout,467,468,1868,20.41472529969178,19.909091701323632,78.20176450069994,120.02974839997478,6072,2806,3266,879.8515625,Windows GetProcessMemoryInfo working set,42,41
partitioned,30,52,4,500,2,timeout,439,439,1756,19.736338000162505,19.901632998604327,78.96745190036017,120.10069930000464,5707,2637,3070,879.8515625,Windows GetProcessMemoryInfo working set,42,41
partitioned,30,52,4,500,3,timeout,496,496,1984,19.695667400606908,19.91936279978836,79.07786439999472,120.11450830003014,6448,2979,3469,879.9765625,Windows GetProcessMemoryInfo working set,42,41
partitioned,30,52,4,500,4,timeout,470,470,1880,19.757505500048865,19.702235499280505,78.91141089960001,120.00164669996593,6110,2823,3287,880.484375,Windows GetProcessMemoryInfo working set,42,41
partitioned,30,52,4,500,5,completed,500,500,2000,19.063789100793656,19.137168400804512,76.16106089937966,115.70077749999473,6500,3003,3497,880.484375,Windows GetProcessMemoryInfo working set,42,41
partitioned,30,52,8,50,1,completed,50,50,400,2.0181534001603723,2.036605700151995,12.53828720015008,16.73432650003815,1550,405,1145,880.734375,Windows GetProcessMemoryInfo working set,42,41
partitioned,30,52,8,50,2,completed,50,50,400,2.006240900256671,2.0860266000963748,12.247052699734922,16.475279100006446,1550,405,1145,880.734375,Windows GetProcessMemoryInfo working set,42,41
partitioned,30,52,8,50,3,completed,50,50,400,2.140537900093477,2.1236373999272473,13.22747199976584,17.6307295000297,1550,405,1145,880.734375,Windows GetProcessMemoryInfo working set,42,41
partitioned,30,52,8,50,4,completed,50,50,400,2.048459500016179,2.135426599998027,12.621022499748506,16.94028000003891,1550,405,1145,880.734375,Windows GetProcessMemoryInfo working set,42,41
partitioned,30,52,8,50,5,completed,50,50,400,2.0921495996881276,2.1609011003747582,12.422823800123297,16.809411900001578,1550,405,1145,880.734375,Windows GetProcessMemoryInfo working set,42,41
partitioned,30,52,16,50,1,completed,50,50,800,2.5757024999475107,2.5263545002089813,26.533740999933798,31.773684899962973,4550,609,3941,885.39453125,Windows GetProcessMemoryInfo working set,42,41
partitioned,30,52,16,50,2,completed,50,50,800,2.391744500375353,2.401711499784142,24.548625999770593,29.479958300013095,4550,609,3941,885.07421875,Windows GetProcessMemoryInfo working set,42,41
partitioned,30,52,16,50,3,completed,50,50,800,2.5949247997486964,2.6425275002839044,26.765401199751068,32.14269129995955,4550,609,3941,884.94921875,Windows GetProcessMemoryInfo working set,42,41
partitioned,30,52,16,50,4,completed,50,50,800,2.4357088998658583,2.3885085002402775,24.857317599933594,29.809675699973013,4550,609,3941,885.20703125,Windows GetProcessMemoryInfo working set,42,41
partitioned,30,52,16,50,5,completed,50,50,800,2.5537352000828832,2.5816650999477133,25.65215810009977,30.934888099960517,4550,609,3941,885.0859375,Windows GetProcessMemoryInfo working set,42,41
partitioned,30,104,4,50,1,completed,50,50,200,3.7194538998883218,3.867660900054034,15.064263700158335,22.792875799990725,650,303,347,888.3984375,Windows GetProcessMemoryInfo working set,42,41
partitioned,30,104,4,50,2,completed,50,50,200,3.78270329994848,3.710519399784971,15.120947400224395,22.749825100007,650,303,347,888.6796875,Windows GetProcessMemoryInfo working set,42,41
partitioned,30,104,4,50,3,completed,50,50,200,3.8016070001758635,3.9384599999175407,15.40820709982654,23.284739600028843,650,303,347,888.30859375,Windows GetProcessMemoryInfo working set,42,41
partitioned,30,104,4,50,4,completed,50,50,200,3.8743360997759737,3.7557716001174413,15.461827800027095,23.242333799949847,650,303,347,888.3203125,Windows GetProcessMemoryInfo working set,42,41
partitioned,30,104,4,50,5,completed,50,50,200,3.740171199722681,3.767593599797692,15.019768700411078,22.665045899979305,650,303,347,888.0703125,Windows GetProcessMemoryInfo working set,42,41
partitioned,30,208,4,50,1,completed,50,50,200,7.544563599978574,7.430908399983309,30.63183020008728,45.74330530001316,650,303,347,899.93359375,Windows GetProcessMemoryInfo working set,42,41
partitioned,30,208,4,50,2,completed,50,50,200,7.3184746998013,7.279929600015748,29.838350199861452,44.57282350002788,650,303,347,899.94921875,Windows GetProcessMemoryInfo working set,42,41
partitioned,30,208,4,50,3,completed,50,50,200,7.55075659987051,7.384110599930864,29.841660499863792,44.91115399997216,650,303,347,899.64453125,Windows GetProcessMemoryInfo working set,42,41
partitioned,30,208,4,50,4,completed,50,50,200,7.460617600067053,7.574154900154099,30.477732100058347,45.647614800021984,650,303,347,900.1640625,Windows GetProcessMemoryInfo working set,42,41
partitioned,30,208,4,50,5,completed,50,50,200,7.324358899903018,7.231093000154942,29.920767599949613,44.6090608999948,650,303,347,899.77734375,Windows GetProcessMemoryInfo working set,42,41
partitioned,90,52,4,50,1,completed,50,50,200,5.643658499990124,5.569091999903321,23.172159999900032,34.52125289995456,650,303,347,879.3515625,Windows GetProcessMemoryInfo working set,122,121
partitioned,90,52,4,50,2,completed,50,50,200,6.326571200159378,6.502919699938502,26.01983640016988,39.01886100001866,650,303,347,879.3515625,Windows GetProcessMemoryInfo working set,122,121
partitioned,90,52,4,50,3,completed,50,50,200,5.840811000089161,5.885717600060161,23.95355709985597,35.81381439999677,650,303,347,879.3515625,Windows GetProcessMemoryInfo working set,122,121
partitioned,90,52,4,50,4,completed,50,50,200,5.488881399855018,5.4282489999895915,22.048656399943866,33.10064580000471,650,303,347,879.3515625,Windows GetProcessMemoryInfo working set,122,121
partitioned,90,52,4,50,5,completed,50,50,200,5.203326199785806,5.2833483999129385,21.986169700103346,32.59665700001642,650,303,347,879.3515625,Windows GetProcessMemoryInfo working set,122,121
partitioned,300,52,4,50,1,timeout,39,39,156,19.255172499921173,19.552692000055686,81.47511639993172,120.393653099949,507,237,270,879.72265625,Windows GetProcessMemoryInfo working set,402,401
partitioned,300,52,4,50,2,timeout,42,42,168,20.426398099865764,19.96466830011923,81.01785399980145,121.52752840000903,546,255,291,879.9296875,Windows GetProcessMemoryInfo working set,402,401
partitioned,300,52,4,50,3,timeout,41,41,164,19.611494099895936,20.232566800143104,81.22792430012487,121.17998499999521,533,249,284,880.16015625,Windows GetProcessMemoryInfo working set,402,401
partitioned,300,52,4,50,4,timeout,39,39,156,20.38763800007291,19.54072379990248,80.1580302999937,120.19220450002467,507,237,270,879.69921875,Windows GetProcessMemoryInfo working set,402,401
partitioned,300,52,4,50,5,timeout,40,40,160,19.775687600369565,19.8701873999089,81.75549790001241,121.50575599999866,520,243,277,879.7421875,Windows GetProcessMemoryInfo working set,402,401
