architecture,n,horizon,K,B,total_repetitions,completed_repetitions,timeout_repetitions,partial_timeout_repetitions,partial_timeout_candidates,median_seconds,iqr_seconds,incremental_peak_memory_mb,peak_memory_mb,median_unique_simulations,median_cache_hits,median_attribution_pair_iterations,focal_axis,focal_value
partitioned,3,52,4,50,5,5,0,0,0,2.2835793000413105,0.1948673001024872,0.0,893.35546875,253.0,347.0,600.0,n,3
partitioned,9,52,4,50,5,5,0,0,0,4.7744122999720275,0.2824487999314442,0.0,893.35546875,303.0,347.0,600.0,n,9
partitioned,30,52,4,50,5,5,0,0,0,12.069604500080459,0.3907524000387639,0.0,893.375,303.0,347.0,600.0,n,30
partitioned,90,52,4,50,5,5,0,0,0,38.27228389994707,1.0273602000670508,0.125,511.734375,303.0,347.0,600.0,n,90
partitioned,300,52,4,50,5,0,5,5,170,,,,,,,,n,300
shared,3,52,4,50,5,5,0,0,0,2.4231260999804363,0.22843939997255802,0.0,970.671875,253.0,347.0,600.0,n,3
shared,9,52,4,50,5,5,0,0,0,4.016186400083825,0.23054090002551675,0.0,956.67578125,253.0,347.0,600.0,n,9
shared,30,52,4,50,5,5,0,0,0,10.041960599948652,0.621517900028266,0.0,955.671875,253.0,347.0,600.0,n,30
shared,90,52,4,50,5,5,0,0,0,22.55426509992685,1.3031304000178352,0.0,910.296875,253.0,347.0,600.0,n,90
shared,300,52,4,50,5,5,0,0,0,75.05761030002031,0.6941603000741452,0.04296875,903.0,253.0,347.0,600.0,n,300
partitioned,30,52,4,50,5,5,0,0,0,12.069604500080459,0.3907524000387639,0.0,893.375,303.0,347.0,600.0,horizon,52
partitioned,30,104,4,50,5,5,0,0,0,22.64151420001872,0.2136075000744313,8.109375,527.0234375,303.0,347.0,600.0,horizon,104
partitioned,30,208,4,50,5,5,0,0,0,48.82628279994242,1.6784860000479966,20.546875,538.90234375,303.0,347.0,600.0,horizon,208
shared,30,52,4,50,5,5,0,0,0,10.041960599948652,0.621517900028266,0.0,955.671875,253.0,347.0,600.0,horizon,52
shared,30,104,4,50,5,5,0,0,0,18.582679599989206,0.2670802000211552,3.2109375,961.7578125,253.0,347.0,600.0,horizon,104
shared,30,208,4,50,5,5,0,0,0,35.4290971000446,2.2517904000123963,17.19921875,927.5078125,253.0,347.0,600.0,horizon,208
partitioned,30,52,1,50,5,5,0,0,0,2.1180853999685496,0.1006821000482887,0.0,893.37109375,50.0,0.0,0.0,K,1
partitioned,30,52,2,50,5,5,0,0,0,8.160810999921523,0.26471280003897846,0.0,893.37109375,201.0,149.0,100.0,K,2
partitioned,30,52,4,50,5,5,0,0,0,12.069604500080459,0.3907524000387639,0.0,893.375,303.0,347.0,600.0,K,4
partitioned,30,52,8,50,5,5,0,0,0,18.145274800015613,0.911495600012131,0.078125,528.58203125,405.0,1145.0,2800.0,K,8
partitioned,30,52,16,50,5,5,0,0,0,31.54215330001898,1.4980179000413045,1.01953125,534.31640625,609.0,3941.0,12000.0,K,16
shared,30,52,1,50,5,5,0,0,0,5.25877989991568,0.3606684999540448,0.0,955.67578125,151.0,99.0,0.0,K,1
shared,30,52,2,50,5,5,0,0,0,7.33549079997465,1.1445772999431938,0.0,955.671875,201.0,149.0,100.0,K,2
shared,30,52,4,50,5,5,0,0,0,10.041960599948652,0.621517900028266,0.0,955.671875,253.0,347.0,600.0,K,4
shared,30,52,8,50,5,5,0,0,0,9.591121600009501,2.781193899922073,0.0,955.71484375,253.0,1147.0,2800.0,K,8
shared,30,52,16,50,5,5,0,0,0,12.594979299930856,0.8175729998620227,0.25390625,960.17578125,253.0,3947.0,12000.0,K,16
partitioned,30,52,4,50,5,5,0,0,0,12.069604500080459,0.3907524000387639,0.0,893.375,303.0,347.0,600.0,B,50
partitioned,30,52,4,100,5,5,0,0,0,23.783881500014104,0.6336774000665173,0.0,545.59765625,603.0,697.0,1200.0,B,100
partitioned,30,52,4,200,5,5,0,0,0,51.420224700006656,3.3712957000825554,0.0,545.63671875,1203.0,1397.0,2400.0,B,200
partitioned,30,52,4,500,5,0,5,5,2406,,,,,,,,B,500
shared,30,52,4,50,5,5,0,0,0,10.041960599948652,0.621517900028266,0.0,955.671875,253.0,347.0,600.0,B,50
shared,30,52,4,100,5,5,0,0,0,19.188658999977633,0.8097856999374926,0.0,955.671875,503.0,697.0,1200.0,B,100
shared,30,52,4,200,5,5,0,0,0,36.61500570003409,3.374074700055644,0.0,955.6875,1003.0,1397.0,2400.0,B,200
shared,30,52,4,500,5,5,0,0,0,89.35386859998107,2.222611299948767,0.0,955.7109375,2503.0,3497.0,6000.0,B,500
